id,veri_code,count
00000,VERI-1072,1
00000,VERI-1137,1
00005,VERI-1128,15
00005,VERI-1137,4
00006,VERI-1137,1
00007,VERI-1128,19
00010,VERI-1072,1
00010,VERI-1137,1
00011,VERI-1072,2
00011,VERI-1137,4
00011,VERI-2344,2
00012,VERI-1137,1
00013,VERI-1137,1
00016,VERI-1137,1
00017,VERI-1137,19
00018,VERI-1128,19
00021,VERI-1137,1
00024,VERI-1137,19
00025,VERI-1072,1
00025,VERI-1128,4
00026,VERI-1137,1
00028,VERI-1137,1
00030,VERI-1072,1
00030,VERI-1137,11
00030,VERI-2344,2
00039,VERI-1137,10
00039,VERI-2344,9
00041,VERI-1137,1
00043,VERI-1128,19
00044,VERI-1128,19
00048,VERI-1072,1
00048,VERI-1137,1
00055,VERI-1128,19
00058,VERI-1072,1
00058,VERI-1128,1
00058,VERI-1137,1
00059,VERI-1137,1
00065,VERI-1072,1
00065,VERI-1137,5
00065,VERI-1140,1
00067,VERI-1137,12
00067,VERI-2344,7
00070,VERI-1072,1
00070,VERI-1130,7
00070,VERI-1419,5
00075,VERI-1072,1
00075,VERI-1841,1
00076,VERI-1072,1
00076,VERI-1137,10
00076,VERI-2344,2
00077,VERI-1072,3
00077,VERI-1321,8
00082,VERI-1137,1
00082,VERI-2344,1
00083,VERI-1072,1
00083,VERI-1137,1
00083,VERI-2344,1
00086,VERI-1137,1
00088,VERI-1072,1
00088,VERI-1137,2
00088,VERI-2344,2
00090,VERI-1128,19
00091,VERI-1137,1
00092,VERI-1072,1
00092,VERI-1137,2
00095,VERI-1072,1
00095,VERI-1128,2
00095,VERI-1137,2
00095,VERI-2344,2
00096,VERI-1072,1
00096,VERI-1120,1
00096,VERI-1137,17
00097,VERI-1137,1
00098,VERI-1137,1
00100,VERI-1137,16
00100,VERI-2344,3
00102,VERI-1128,18
00102,VERI-1137,1
00103,VERI-1072,1
00103,VERI-1128,18
00105,VERI-1072,1
00105,VERI-1137,2
00106,VERI-1072,1
00106,VERI-1137,1
00107,VERI-1072,1
00107,VERI-1137,1
00108,VERI-1137,1
00109,VERI-1128,19
00110,VERI-1137,1
00113,VERI-1072,1
00113,VERI-1137,1
00114,VERI-1128,19
00118,VERI-1137,1
00119,VERI-1128,18
00119,VERI-1137,1
00120,VERI-1130,7
00120,VERI-1419,7
00120,VERI-2369,5
00123,VERI-1128,19
00124,VERI-1137,1
00130,VERI-1072,1
00130,VERI-1137,2
00131,VERI-1137,1
00135,VERI-1137,1
00140,VERI-1137,19
00143,VERI-1137,1
00144,VERI-1072,1
00144,VERI-1137,1
00145,VERI-1072,1
00145,VERI-1137,6
00148,VERI-1128,19
00149,VERI-1072,1
00149,VERI-1137,1
00149,VERI-2344,1
00150,VERI-1137,1
00156,VERI-1137,1
00166,VERI-1137,1
00167,VERI-1072,1
00167,VERI-1137,18
00171,VERI-1137,1
00172,VERI-1072,2
00172,VERI-1128,5
00172,VERI-1137,8
00172,VERI-2344,4
00179,VERI-1072,1
00179,VERI-1137,9
00180,VERI-1137,2
00180,VERI-2344,2
00183,VERI-1072,1
00183,VERI-1586,1
00184,VERI-1072,1
00184,VERI-1137,1
00184,VERI-1321,3
00186,VERI-1072,1
00186,VERI-1137,3
00190,VERI-1128,19
00191,VERI-1128,19
00193,VERI-1128,18
00193,VERI-1137,1
00194,VERI-1128,19
00196,VERI-1137,1
00197,VERI-1128,19
00198,VERI-1128,19
00199,VERI-1137,1
00201,VERI-1137,15
00201,VERI-2344,4
00203,VERI-1137,1
00205,VERI-1128,19
00207,VERI-1128,19
00212,VERI-1072,1
00212,VERI-1137,3
00213,VERI-1072,1
00213,VERI-1137,1
00217,VERI-1128,19
00218,VERI-1137,1
00218,VERI-2344,1
00220,VERI-1137,1
00222,VERI-1072,4
00222,VERI-1137,8
00224,VERI-1072,1
00224,VERI-1128,7
00225,VERI-1072,1
00225,VERI-1137,12
00226,VERI-1116,2
00226,VERI-1137,16
00226,VERI-2344,1
00227,VERI-1072,3
00227,VERI-1243,9
00230,VERI-1072,1
00230,VERI-1137,4
00231,VERI-1137,8
00231,VERI-2344,6
00232,VERI-1128,18
00232,VERI-2369,1
00233,VERI-1072,1
00233,VERI-1128,1
00235,VERI-1128,19
00236,VERI-1072,1
00236,VERI-1130,4
00236,VERI-1137,3
00236,VERI-2344,1
00237,VERI-1128,15
00237,VERI-1137,4
00239,VERI-1128,19
00240,VERI-1128,18
00240,VERI-1137,1
00242,VERI-1137,1
00243,VERI-1072,2
00243,VERI-1137,2
00247,VERI-1072,1
00247,VERI-1137,2
00248,VERI-1072,1
00248,VERI-1137,3
00248,VERI-2344,1
00249,VERI-1072,1
00249,VERI-1128,5
00250,VERI-1137,19
00251,VERI-1072,1
00251,VERI-1137,2
00252,VERI-1072,1
00252,VERI-1137,1
00253,VERI-1137,1
00256,VERI-1137,6
00257,VERI-1137,1
00260,VERI-1072,1
00260,VERI-1137,1
00261,VERI-1128,19
00264,VERI-1137,1
00266,VERI-1137,1
00266,VERI-1413,1
00269,VERI-1128,19
00270,VERI-1137,1
00271,VERI-1072,1
00271,VERI-1137,1
00272,VERI-1072,1
00272,VERI-1137,9
00274,VERI-1128,19
00275,VERI-1038,1
00275,VERI-1072,1
00279,VERI-1128,19
00280,VERI-1072,1
00280,VERI-1137,1
00282,VERI-1072,1
00282,VERI-1137,1
00282,VERI-2344,1
00283,VERI-1128,19
00284,VERI-1072,1
00284,VERI-1137,1
00284,VERI-2344,1
00286,VERI-1072,1
00286,VERI-1137,3
00288,VERI-1137,1
00290,VERI-1137,1
00292,VERI-1137,1
00292,VERI-2344,1
00293,VERI-1072,1
00293,VERI-1137,9
00294,VERI-1137,17
00294,VERI-2344,2
00295,VERI-1137,2
00297,VERI-1128,19
00301,VERI-1072,1
00301,VERI-1137,2
00301,VERI-2344,1
00307,VERI-1072,1
00307,VERI-1128,11
00307,VERI-1137,3
00307,VERI-1465,1
00311,VERI-1072,1
00311,VERI-1137,1
00312,VERI-1137,19
00314,VERI-1072,1
00314,VERI-1128,1
00314,VERI-1137,7
00314,VERI-1281,1
00314,VERI-2079,1
00314,VERI-2344,4
00314,VERI-2369,1
00315,VERI-1137,19
00320,VERI-1137,14
00320,VERI-2344,5
00321,VERI-1072,1
00321,VERI-1128,12
00323,VERI-1072,1
00323,VERI-1321,3
00324,VERI-1137,1
00328,VERI-1137,19
00329,VERI-1128,19
00332,VERI-1072,1
00332,VERI-1137,1
00332,VERI-2344,1
00337,VERI-1137,1
00338,VERI-1137,12
00338,VERI-2344,7
00339,VERI-1128,19
00341,VERI-1072,1
00341,VERI-1137,1
00342,VERI-1128,19
00344,VERI-1137,1
00346,VERI-1137,1
00348,VERI-1137,1
00349,VERI-1137,1
00349,VERI-1691,6
00353,VERI-1072,1
00353,VERI-1137,1
00354,VERI-1137,1
00355,VERI-1072,1
00355,VERI-1137,4
00356,VERI-1072,2
00356,VERI-1137,4
00358,VERI-1137,1
00359,VERI-1137,1
00365,VERI-1128,19
00366,VERI-1072,1
00366,VERI-1137,5
00367,VERI-1137,1
00368,VERI-1128,19
00370,VERI-1128,19
00372,VERI-1128,15
00372,VERI-1137,3
00372,VERI-2344,1
00378,VERI-1137,1
00381,VERI-1128,19
00383,VERI-1072,1
00383,VERI-1137,1
00385,VERI-1128,16
00385,VERI-1137,3
00386,VERI-1128,19
00387,VERI-1137,1
00389,VERI-1137,1
00390,VERI-1072,1
00390,VERI-1137,3
00391,VERI-1137,1
00392,VERI-1072,1
00392,VERI-1188,2
00392,VERI-1952,1
00394,VERI-1137,1
00398,VERI-1128,15
00398,VERI-1137,4
00399,VERI-1128,19
00402,VERI-1137,2
00402,VERI-1413,2
00402,VERI-2344,2
00406,VERI-1072,1
00406,VERI-1137,1
00407,VERI-1072,3
00407,VERI-1137,2
00408,VERI-1137,1
00410,VERI-1128,19
00411,VERI-1128,19
00412,VERI-1072,1
00412,VERI-1137,17
00414,VERI-1128,17
00414,VERI-1137,1
00414,VERI-2344,1
00415,VERI-1072,2
00415,VERI-1137,10
00415,VERI-1314,3
00415,VERI-1343,1
00415,VERI-2079,1
00415,VERI-2344,1
00418,VERI-1137,1
00420,VERI-1128,11
00420,VERI-1137,4
00420,VERI-2344,4
00423,VERI-1128,19
00424,VERI-1072,1
00424,VERI-1188,1
00425,VERI-1072,1
00425,VERI-1243,3
00428,VERI-1137,14
00428,VERI-2344,5
00429,VERI-1128,19
00434,VERI-1072,1
00434,VERI-1137,1
00435,VERI-1137,1
00439,VERI-1072,4
00439,VERI-1137,10
00439,VERI-1314,2
00439,VERI-2344,1
00439,VERI-2369,1
00441,VERI-1137,1
00444,VERI-1128,19
00446,VERI-1072,1
00446,VERI-1137,1
00447,VERI-1128,19
00450,VERI-1072,1
00450,VERI-1116,2
00450,VERI-1137,1
00451,VERI-1137,1
00454,VERI-1072,1
00454,VERI-1137,7
00456,VERI-1137,1
00457,VERI-1128,19
00460,VERI-1128,13
00460,VERI-1137,6
00463,VERI-1072,1
00463,VERI-1137,1
00464,VERI-1128,18
00464,VERI-1137,1
00468,VERI-1072,1
00468,VERI-1188,2
00468,VERI-1952,2
00470,VERI-1128,19
00471,VERI-1128,19
00477,VERI-1137,1
00479,VERI-1072,1
00479,VERI-1137,6
00480,VERI-1137,14
00480,VERI-2344,4
00480,VERI-9011,1
00484,VERI-1128,18
00484,VERI-1137,1
00485,VERI-1072,1
00485,VERI-1137,2
00497,VERI-1128,19
00499,VERI-1072,1
00499,VERI-1137,10
00503,VERI-1072,1
00503,VERI-1137,14
00503,VERI-2344,2
00505,VERI-1072,1
00505,VERI-1137,6
00506,VERI-1137,1
00506,VERI-2344,1
00511,VERI-1128,19
00512,VERI-1128,19
00514,VERI-1128,19
00515,VERI-1128,19
00517,VERI-1072,1
00517,VERI-1137,1
00518,VERI-1128,15
00518,VERI-1137,4
00519,VERI-1072,1
00519,VERI-1128,18
00521,VERI-1137,1
00523,VERI-1128,19
00524,VERI-1128,19
00528,VERI-1137,1
00532,VERI-1128,19
00537,VERI-1072,2
00537,VERI-1120,2
00537,VERI-1137,10
00543,VERI-1128,17
00543,VERI-1137,1
00543,VERI-2344,1
00545,VERI-1128,19
00546,VERI-1072,1
00546,VERI-1137,2
00546,VERI-2344,2
00547,VERI-1128,19
00548,VERI-1128,19
00549,VERI-1128,19
00551,VERI-1072,1
00551,VERI-1137,1
00551,VERI-2344,1
00553,VERI-1072,1
00553,VERI-1137,3
00556,VERI-1072,1
00556,VERI-1130,3
00556,VERI-1419,3
00557,VERI-1137,2
00558,VERI-1072,1
00558,VERI-1137,1
00559,VERI-1137,1
00564,VERI-1128,18
00564,VERI-1137,1
00565,VERI-1072,1
00565,VERI-1128,1
00565,VERI-1137,2
00565,VERI-2344,1
00567,VERI-1072,1
00567,VERI-1137,1
00567,VERI-2344,1
00571,VERI-1072,1
00571,VERI-1137,2
00572,VERI-1137,1
00574,VERI-1128,19
00577,VERI-1072,1
00577,VERI-2425,1
00578,VERI-1128,19
00581,VERI-1128,19
00583,VERI-1128,19
00585,VERI-1137,1
00586,VERI-1137,1
00590,VERI-1072,1
00590,VERI-1137,1
00590,VERI-2344,1
00592,VERI-1137,1
00596,VERI-1137,2
00596,VERI-2344,2
00600,VERI-1072,1
00600,VERI-1137,3
00600,VERI-1281,1
00600,VERI-2369,1
00601,VERI-1137,3
00603,VERI-1072,1
00603,VERI-1128,17
00611,VERI-1137,1
00614,VERI-1072,1
00614,VERI-1137,1
00615,VERI-1072,1
00615,VERI-1841,2
00617,VERI-1128,19
00618,VERI-1137,10
00618,VERI-2344,9
00619,VERI-1072,1
00619,VERI-1137,11
00619,VERI-2344,2
00621,VERI-1137,1
00622,VERI-1072,1
00622,VERI-1137,1
00622,VERI-2344,1
00625,VERI-1072,1
00625,VERI-1137,2
00626,VERI-1072,1
00626,VERI-1137,4
00631,VERI-1128,19
00632,VERI-1128,19
00636,VERI-1072,1
00636,VERI-1137,1
00639,VERI-1137,1
00642,VERI-1137,1
00643,VERI-1072,1
00643,VERI-1137,6
00643,VERI-2369,3
00644,VERI-1072,1
00644,VERI-1137,5
00647,VERI-1128,19
00649,VERI-1128,19
00650,VERI-1128,19
00651,VERI-1128,18
00651,VERI-2515,1
00655,VERI-1128,16
00655,VERI-1137,3
00656,VERI-1128,18
00656,VERI-1137,1
00658,VERI-1072,1
00658,VERI-1137,6
00659,VERI-1137,1
00659,VERI-2344,1
00662,VERI-1137,1
00663,VERI-1137,1
00664,VERI-1072,1
00664,VERI-1120,6
00664,VERI-1137,2
00667,VERI-1072,1
00667,VERI-1137,12
00668,VERI-1072,1
00668,VERI-1188,2
00668,VERI-1952,2
00671,VERI-1137,1
00673,VERI-1137,18
00673,VERI-2344,1
00674,VERI-1137,1
00675,VERI-1137,12
00675,VERI-2344,7
00679,VERI-1128,19
00681,VERI-1128,19
00686,VERI-1137,1
00687,VERI-1072,1
00687,VERI-1137,2
00687,VERI-2369,1
00689,VERI-1137,1
00690,VERI-1072,1
00690,VERI-1137,4
00696,VERI-1137,1
00697,VERI-1072,1
00697,VERI-1137,15
00697,VERI-2344,3
00698,VERI-1137,1
00698,VERI-2344,1
00699,VERI-1072,1
00699,VERI-1128,18
00700,VERI-1137,1
00701,VERI-1137,1
00703,VERI-1128,19
00704,VERI-1137,1
00707,VERI-1137,1
00709,VERI-1072,1
00709,VERI-1188,2
00709,VERI-1952,1
00710,VERI-1137,1
00715,VERI-1137,1
00719,VERI-1137,1
00724,VERI-1072,1
00724,VERI-1130,1
00724,VERI-1419,1
00725,VERI-1128,18
00725,VERI-1137,1
00726,VERI-1072,1
00726,VERI-1130,6
00726,VERI-1137,1
00726,VERI-1419,6
00726,VERI-2344,1
00730,VERI-1072,1
00730,VERI-2369,1
00733,VERI-1128,19
00734,VERI-1128,19
00735,VERI-1072,1
00735,VERI-1137,9
00737,VERI-1072,2
00737,VERI-1137,2
00740,VERI-1072,1
00740,VERI-1137,1
00742,VERI-1128,11
00742,VERI-1137,7
00742,VERI-2369,1
00743,VERI-1137,19
00744,VERI-1128,19
00746,VERI-1137,15
00746,VERI-2344,4
00749,VERI-1072,1
00749,VERI-1128,1
00749,VERI-1137,2
00749,VERI-2344,1
00751,VERI-1128,17
00751,VERI-1137,2
00752,VERI-1128,19
00753,VERI-1072,1
00753,VERI-1137,4
00758,VERI-1072,1
00758,VERI-1137,4
00761,VERI-1137,1
00763,VERI-1128,19
00767,VERI-1072,1
00767,VERI-1906,5
00770,VERI-1072,1
00770,VERI-1137,2
00773,VERI-1137,18
00773,VERI-2344,1
00776,VERI-1128,19
00779,VERI-1137,14
00779,VERI-2344,5
00780,VERI-1072,1
00780,VERI-1137,2
00781,VERI-1072,1
00781,VERI-1188,2
00781,VERI-1952,2
00782,VERI-1072,1
00782,VERI-1906,4
00783,VERI-1128,19
00784,VERI-1072,1
00784,VERI-1137,2
00787,VERI-1137,1
00792,VERI-1072,1
00792,VERI-1137,3
00796,VERI-1137,1
00797,VERI-1137,1
00801,VERI-1072,1
00801,VERI-1137,10
00801,VERI-2344,1
00802,VERI-1137,1
00810,VERI-1128,19
00812,VERI-1072,1
00812,VERI-1137,4
00815,VERI-1137,1
00817,VERI-1128,19
00822,VERI-1072,1
00822,VERI-1137,1
00827,VERI-1128,19
00829,VERI-1137,1
00830,VERI-1128,19
00833,VERI-1072,1
00833,VERI-1137,1
00833,VERI-2344,1
00834,VERI-1072,1
00834,VERI-1137,14
00836,VERI-1072,1
00836,VERI-1137,4
00837,VERI-1072,1
00837,VERI-1137,1
00837,VERI-2344,1
00841,VERI-1128,19
00844,VERI-1128,12
00844,VERI-1137,4
00844,VERI-2344,3
00847,VERI-1137,8
00847,VERI-1315,11
00851,VERI-1072,1
00851,VERI-1137,1
00851,VERI-1188,8
00851,VERI-1952,7
00851,VERI-2344,1
00853,VERI-1072,1
00853,VERI-1137,2
00854,VERI-1137,1
00857,VERI-1128,19
00858,VERI-1128,19
00864,VERI-1072,1
00864,VERI-1137,1
00869,VERI-1128,19
00870,VERI-1072,1
00870,VERI-1137,4
00871,VERI-1137,1
00871,VERI-2344,1
00873,VERI-1128,19
00875,VERI-1128,17
00875,VERI-1137,1
00875,VERI-2344,1
00876,VERI-1128,19
00878,VERI-1128,19
00882,VERI-1128,16
00882,VERI-1586,3
00883,VERI-1137,1
00885,VERI-1137,14
00885,VERI-2344,5
00886,VERI-1072,1
00886,VERI-1137,2
00888,VERI-1072,1
00888,VERI-1137,1
00890,VERI-1072,1
00890,VERI-1137,8
00891,VERI-1137,1
00893,VERI-1072,1
00893,VERI-1137,1
00894,VERI-1128,19
00896,VERI-1128,19
00902,VERI-1072,1
00902,VERI-1130,1
00902,VERI-1137,1
00903,VERI-1137,1
00903,VERI-1413,1
00903,VERI-2344,1
00904,VERI-1128,19
00906,VERI-1137,1
00908,VERI-1128,3
00908,VERI-1137,16
00909,VERI-1072,1
00909,VERI-1137,9
00910,VERI-1128,19
00912,VERI-1072,2
00912,VERI-1137,2
00917,VERI-1072,1
00917,VERI-1137,1
00918,VERI-1137,1
00924,VERI-1128,19
00926,VERI-1128,19
00927,VERI-1137,1
00928,VERI-1137,1
00930,VERI-1072,1
00930,VERI-1137,2
00930,VERI-2344,1
00931,VERI-1072,1
00931,VERI-1137,5
00932,VERI-1072,1
00932,VERI-1075,13
00933,VERI-1128,19
00934,VERI-1128,19
00936,VERI-1072,1
00936,VERI-1137,2
00937,VERI-1137,19
00938,VERI-1072,1
00938,VERI-1137,2
00939,VERI-1072,1
00939,VERI-1137,2
00940,VERI-1072,1
00940,VERI-1137,1
00941,VERI-1128,15
00941,VERI-1137,4
00944,VERI-1072,1
00944,VERI-1128,10
00944,VERI-1137,6
00944,VERI-2344,2
00945,VERI-1072,1
00945,VERI-1137,2
00945,VERI-2344,1
00947,VERI-1137,1
00949,VERI-1128,17
00949,VERI-1137,1
00949,VERI-2344,1
00950,VERI-1072,1
00950,VERI-1137,13
00953,VERI-1137,1
00954,VERI-1072,1
00954,VERI-1137,6
00956,VERI-1137,1
00957,VERI-1072,1
00957,VERI-1128,4
00959,VERI-1137,14
00959,VERI-2344,5
00960,VERI-1072,1
00960,VERI-1137,2
00961,VERI-1072,3
00961,VERI-1137,13
00961,VERI-2369,3
00962,VERI-1128,15
00962,VERI-1137,4
00963,VERI-1137,11
00963,VERI-2344,8
00965,VERI-1128,19
00967,VERI-1137,17
00967,VERI-2344,2
00971,VERI-1072,1
00971,VERI-1137,1
00980,VERI-1128,18
00980,VERI-1137,1
00982,VERI-1128,19
00989,VERI-1128,19
00995,VERI-1072,1
00995,VERI-1137,1
00999,VERI-1072,1
00999,VERI-1137,1
00999,VERI-2344,1
01002,VERI-1128,19
01004,VERI-1128,5
01004,VERI-1137,11
01004,VERI-1281,1
01004,VERI-2344,2
01007,VERI-1072,1
01007,VERI-1137,1
01010,VERI-1072,1
01010,VERI-1137,1
01011,VERI-1072,1
01011,VERI-1137,2
01014,VERI-1072,1
01014,VERI-1137,2
01015,VERI-1128,19
01016,VERI-1072,1
01016,VERI-1137,5
01017,VERI-1072,1
01017,VERI-1137,8
01019,VERI-1072,1
01019,VERI-1137,4
01022,VERI-1072,1
01022,VERI-1137,1
01025,VERI-1128,19
01026,VERI-1128,15
01026,VERI-1137,4
01029,VERI-1137,1
01031,VERI-1128,19
01033,VERI-1128,19
01037,VERI-1072,1
01037,VERI-1137,2
01038,VERI-1137,1
01039,VERI-1072,1
01039,VERI-1128,9
01039,VERI-2369,1
01040,VERI-1137,15
01040,VERI-2344,4
01042,VERI-1137,1
01048,VERI-1128,19
01049,VERI-1128,19
01053,VERI-1137,12
01053,VERI-2344,7
01055,VERI-1072,2
01055,VERI-1137,3
01059,VERI-1128,19
01062,VERI-1042,1
01062,VERI-1072,1
01062,VERI-1078,1
01062,VERI-1137,16
01063,VERI-1137,1
01064,VERI-1072,1
01064,VERI-1137,10
01064,VERI-1281,1
01064,VERI-2344,3
01064,VERI-2369,1
01065,VERI-1128,19
01066,VERI-1072,1
01066,VERI-1128,7
01069,VERI-1128,19
01070,VERI-1128,11
01070,VERI-1137,8
01072,VERI-1137,1
01073,VERI-1137,19
01075,VERI-1072,1
01075,VERI-1137,4
01078,VERI-1128,17
01078,VERI-1586,2
01079,VERI-1072,1
01079,VERI-1137,2
01082,VERI-1072,1
01082,VERI-1137,1
01084,VERI-1072,1
01084,VERI-1137,4
01084,VERI-2369,1
01085,VERI-1072,2
01085,VERI-1137,4
01086,VERI-1072,2
01086,VERI-1137,2
01086,VERI-2344,2
01087,VERI-1137,1
01091,VERI-1072,1
01091,VERI-1137,2
01091,VERI-2344,1
01094,VERI-1072,1
01094,VERI-1137,2
01096,VERI-1072,1
01096,VERI-1120,3
01096,VERI-1137,13
01099,VERI-1072,1
01099,VERI-1137,6
01100,VERI-1072,1
01100,VERI-1137,1
01100,VERI-2344,1
01101,VERI-1137,1
01102,VERI-1072,1
01102,VERI-1137,1
01104,VERI-1128,2
01104,VERI-1137,11
01104,VERI-2344,6
01105,VERI-1072,2
01105,VERI-1137,2
01108,VERI-1072,1
01108,VERI-1137,1
01108,VERI-1140,1
01111,VERI-1072,1
01111,VERI-1137,1
01111,VERI-1140,1
01111,VERI-1243,6
01112,VERI-1072,2
01112,VERI-1137,17
01114,VERI-1137,17
01114,VERI-2344,1
01114,VERI-2369,1
01115,VERI-1137,1
01117,VERI-1128,19
01119,VERI-1128,18
01119,VERI-1137,1
01120,VERI-1072,1
01120,VERI-1128,13
01121,VERI-1137,1
01122,VERI-1137,1
01124,VERI-1072,1
01124,VERI-1137,1
01126,VERI-1072,1
01126,VERI-1128,1
01128,VERI-1072,1
01128,VERI-1137,2
01130,VERI-1128,19
01132,VERI-1072,1
01132,VERI-1137,2
01133,VERI-1072,1
01133,VERI-1906,4
01137,VERI-1128,19
01139,VERI-1072,1
01139,VERI-1137,2
01140,VERI-1137,18
01140,VERI-1140,1
01144,VERI-1072,1
01144,VERI-1137,1
01144,VERI-2344,1
01145,VERI-1137,19
01152,VERI-1128,13
01152,VERI-1137,4
01152,VERI-2344,2
01156,VERI-1128,19
01159,VERI-1137,1
01159,VERI-1413,1
01159,VERI-2344,1
01160,VERI-1128,17
01160,VERI-1137,1
01160,VERI-2344,1
01161,VERI-1072,1
01161,VERI-1137,2
01170,VERI-1072,1
01170,VERI-1137,1
01172,VERI-1072,2
01172,VERI-1188,8
01172,VERI-1952,8
01174,VERI-1072,1
01174,VERI-1137,6
01179,VERI-1072,1
01179,VERI-1137,3
01179,VERI-2344,1
01187,VERI-1137,1
01188,VERI-1072,1
01188,VERI-1137,1
01189,VERI-1128,19
01190,VERI-1128,16
01190,VERI-1137,3
01192,VERI-1137,1
01193,VERI-1072,1
01193,VERI-1137,2
01196,VERI-1137,15
01196,VERI-2369,4
01197,VERI-1072,1
01197,VERI-1137,5
01197,VERI-1281,1
01197,VERI-1371,1
01197,VERI-1419,1
01200,VERI-1137,9
01200,VERI-2344,8
01202,VERI-1128,18
01202,VERI-1137,1
01208,VERI-1137,2
01208,VERI-2344,2
01212,VERI-1128,19
01213,VERI-1072,1
01213,VERI-1137,3
01213,VERI-2344,1
01215,VERI-1128,19
01216,VERI-1072,1
01216,VERI-1137,2
01216,VERI-2344,1
01217,VERI-1128,17
01217,VERI-1137,2
01218,VERI-1116,2
01218,VERI-1137,17
01221,VERI-1072,1
01221,VERI-1137,3
01221,VERI-2344,1
01223,VERI-1841,1
01223,VERI-1906,18
01225,VERI-1072,1
01225,VERI-1137,1
01227,VERI-1072,1
01227,VERI-1137,2
01230,VERI-1072,1
01230,VERI-1137,1
01232,VERI-1128,15
01232,VERI-1137,4
01233,VERI-1128,19
01239,VERI-1128,18
01239,VERI-1137,1
01240,VERI-1128,19
01241,VERI-1137,1
01242,VERI-1137,16
01242,VERI-2344,2
01242,VERI-2369,1
01246,VERI-1072,1
01246,VERI-1137,1
01246,VERI-2344,1
01248,VERI-1137,1
01248,VERI-2344,1
01250,VERI-1128,19
01257,VERI-1128,19
01259,VERI-1137,12
01259,VERI-2344,7
01262,VERI-1072,1
01262,VERI-1363,12
01263,VERI-1072,1
01263,VERI-1137,2
01271,VERI-1128,19
01273,VERI-1072,1
01273,VERI-1130,1
01273,VERI-1137,1
01273,VERI-1419,1
01273,VERI-2344,1
01276,VERI-1072,1
01276,VERI-1137,1
01277,VERI-1072,1
01277,VERI-1128,4
01277,VERI-1137,5
01277,VERI-1188,1
01277,VERI-2344,1
01278,VERI-1137,1
01279,VERI-1137,1
01280,VERI-1128,19
01285,VERI-1128,19
01286,VERI-1128,19
01287,VERI-1072,1
01287,VERI-1128,17
01291,VERI-1072,1
01291,VERI-1128,4
01293,VERI-1072,1
01293,VERI-1137,1
01295,VERI-1072,1
01295,VERI-1137,2
01296,VERI-1128,17
01296,VERI-1137,1
01296,VERI-2344,1
01298,VERI-1137,19
01299,VERI-1137,1
01302,VERI-1128,19
01304,VERI-1072,1
01304,VERI-1128,7
01304,VERI-1137,1
01305,VERI-1128,18
01305,VERI-1137,1
01307,VERI-1128,15
01307,VERI-1137,4
01310,VERI-1128,17
01310,VERI-1137,1
01310,VERI-2344,1
01311,VERI-1137,19
01312,VERI-1137,19
01314,VERI-1137,18
01314,VERI-2344,1
01315,VERI-1072,2
01315,VERI-1188,2
01315,VERI-1952,2
01316,VERI-1137,18
01316,VERI-9011,1
01319,VERI-1128,17
01319,VERI-1130,1
01319,VERI-1419,1
01320,VERI-1128,19
01322,VERI-1128,14
01322,VERI-1137,4
01322,VERI-1158,1
01323,VERI-1137,13
01323,VERI-2344,6
01325,VERI-1128,19
01326,VERI-1072,1
01326,VERI-1137,3
01327,VERI-1072,1
01327,VERI-1137,4
01328,VERI-1137,19
01329,VERI-1128,19
01331,VERI-1128,17
01331,VERI-1137,1
01331,VERI-2344,1
01333,VERI-1072,1
01333,VERI-1116,2
01333,VERI-1130,2
01334,VERI-1128,19
01335,VERI-1137,1
01336,VERI-1128,5
01336,VERI-1137,14
01337,VERI-1137,1
01337,VERI-1413,1
01337,VERI-2344,1
01338,VERI-1072,2
01338,VERI-1137,3
01339,VERI-1128,19
01341,VERI-1137,1
01342,VERI-1137,19
01344,VERI-1072,1
01344,VERI-1137,7
01344,VERI-2344,2
01345,VERI-1072,1
01345,VERI-1137,6
01349,VERI-1137,1
01350,VERI-1137,1
01351,VERI-1128,19
01353,VERI-1137,1
01355,VERI-1128,19
01356,VERI-1128,18
01356,VERI-1137,1
01357,VERI-1072,1
01357,VERI-1188,1
01360,VERI-1072,1
01360,VERI-1137,9
01364,VERI-1128,19
01366,VERI-1072,1
01366,VERI-1137,15
01367,VERI-1128,19
01370,VERI-1137,1
01371,VERI-1137,1
01374,VERI-1072,1
01374,VERI-1137,13
01375,VERI-1128,19
01376,VERI-1072,1
01376,VERI-1137,1
01377,VERI-1128,19
01380,VERI-1128,8
01380,VERI-1137,11
01385,VERI-1128,19
01389,VERI-1128,19
01391,VERI-1072,1
01391,VERI-1137,1
01395,VERI-1137,1
01397,VERI-1128,19
01399,VERI-1128,17
01399,VERI-1137,1
01399,VERI-2344,1
01402,VERI-1072,1
01402,VERI-1130,3
01402,VERI-1137,1
01402,VERI-1419,1
01403,VERI-1072,1
01403,VERI-1137,4
01403,VERI-1266,3
01403,VERI-1315,3
01405,VERI-1137,1
01405,VERI-1158,1
01409,VERI-1137,1
01410,VERI-1128,17
01410,VERI-1137,2
01413,VERI-1137,1
01417,VERI-1128,9
01417,VERI-1137,10
01419,VERI-1137,19
01421,VERI-1072,1
01421,VERI-1137,2
01422,VERI-1137,1
01425,VERI-1137,14
01425,VERI-2344,5
01426,VERI-1072,1
01426,VERI-1137,1
01427,VERI-1128,19
01428,VERI-1072,1
01428,VERI-1137,2
01429,VERI-1128,19
01435,VERI-1072,1
01435,VERI-1841,2
01436,VERI-1128,19
01437,VERI-1072,2
01437,VERI-1137,17
01438,VERI-1137,19
01440,VERI-1137,1
01441,VERI-1128,19
01443,VERI-1072,1
01443,VERI-1137,2
01443,VERI-2344,1
01444,VERI-1128,18
01444,VERI-1137,1
01445,VERI-1128,19
01447,VERI-1072,1
01447,VERI-1128,11
01447,VERI-1137,1
01447,VERI-2344,1
01448,VERI-1072,1
01448,VERI-1137,6
01449,VERI-1072,1
01449,VERI-1137,3
01450,VERI-1072,1
01450,VERI-1137,1
01461,VERI-1072,1
01461,VERI-1137,4
01461,VERI-2344,1
01462,VERI-1137,19
01464,VERI-1137,1
01465,VERI-1137,1
01467,VERI-1072,1
01467,VERI-1128,1
01467,VERI-1137,4
01467,VERI-2344,1
01470,VERI-1137,1
01473,VERI-1128,19
01475,VERI-1072,1
01475,VERI-1128,5
01477,VERI-1128,19
01478,VERI-1137,1
01485,VERI-1072,4
01485,VERI-1188,2
01485,VERI-1952,2
01486,VERI-1137,19
01487,VERI-1128,19
01488,VERI-1072,1
01488,VERI-1137,1
01493,VERI-1128,19
01494,VERI-1072,1
01494,VERI-1137,2
01498,VERI-1137,1
01499,VERI-1137,1
01501,VERI-1128,19
01502,VERI-1128,19
01506,VERI-1128,19
01507,VERI-1128,19
01508,VERI-1072,1
01508,VERI-1137,8
01509,VERI-1072,3
01509,VERI-1128,1
01509,VERI-1137,9
01509,VERI-2344,1
01511,VERI-1413,1
01511,VERI-1691,18
01514,VERI-1128,19
01515,VERI-1137,19
01523,VERI-1128,19
01526,VERI-1137,1
01527,VERI-1072,1
01527,VERI-1137,3
01528,VERI-1072,2
01528,VERI-1137,2
01530,VERI-1137,19
01532,VERI-1128,19
01533,VERI-1137,1
01534,VERI-1128,19
01535,VERI-1072,1
01535,VERI-1137,1
01535,VERI-1140,1
01537,VERI-1072,1
01537,VERI-1137,1
01538,VERI-1072,1
01538,VERI-1137,9
01538,VERI-1188,1
01538,VERI-2344,1
01539,VERI-1128,18
01539,VERI-1137,1
01543,VERI-1137,1
01545,VERI-1072,1
01545,VERI-1137,3
01545,VERI-2344,3
01546,VERI-1128,19
01547,VERI-1072,1
01547,VERI-1321,1
01548,VERI-1128,19
01552,VERI-1128,19
01553,VERI-1128,11
01553,VERI-1137,8
01555,VERI-1128,19
01557,VERI-1072,1
01557,VERI-1137,1
01558,VERI-1128,19
01560,VERI-1137,1
01561,VERI-1128,19
01562,VERI-1137,1
01563,VERI-1128,19
01567,VERI-1072,1
01567,VERI-1137,2
01568,VERI-1128,19
01569,VERI-1137,12
01569,VERI-2344,7
01570,VERI-1072,1
01570,VERI-1137,3
01572,VERI-1137,1
01573,VERI-1128,19
01576,VERI-1072,1
01576,VERI-1137,1
01576,VERI-2344,1
01578,VERI-1128,19
01579,VERI-1137,19
01580,VERI-1072,3
01580,VERI-1137,11
01581,VERI-1128,19
01582,VERI-1137,13
01582,VERI-2344,6
01583,VERI-1072,1
01583,VERI-1128,11
01585,VERI-1072,1
01585,VERI-1137,2
01587,VERI-1072,1
01587,VERI-1137,1
01588,VERI-1137,1
01591,VERI-1128,13
01591,VERI-1137,5
01591,VERI-2344,1
01594,VERI-1072,1
01594,VERI-1188,1
01596,VERI-1072,1
01596,VERI-1116,3
01596,VERI-1137,14
01596,VERI-2344,1
01597,VERI-1072,1
01597,VERI-1137,8
01597,VERI-2344,2
01601,VERI-1137,1
01603,VERI-1137,17
01603,VERI-2344,2
01604,VERI-1072,1
01604,VERI-1137,1
01604,VERI-2344,1
01609,VERI-1072,1
01609,VERI-1137,4
01615,VERI-1128,12
01615,VERI-1137,5
01615,VERI-2369,2
01616,VERI-1137,1
01617,VERI-1137,11
01617,VERI-2344,8
01618,VERI-1128,19
01623,VERI-1128,19
01625,VERI-1072,1
01625,VERI-1137,1
01626,VERI-1137,1
01628,VERI-1072,1
01628,VERI-1137,6
01629,VERI-1137,1
01631,VERI-1137,1
01633,VERI-1137,1
01634,VERI-1128,19
01635,VERI-1128,19
01641,VERI-1128,19
01643,VERI-1128,19
01645,VERI-1128,19
01646,VERI-1137,1
01649,VERI-1072,1
01649,VERI-1137,2
01653,VERI-1072,1
01653,VERI-1137,2
01653,VERI-2369,1
01655,VERI-1072,2
01655,VERI-1906,14
01658,VERI-1072,1
01658,VERI-1137,1
01661,VERI-1072,1
01661,VERI-1137,2
01661,VERI-1281,1
01661,VERI-2344,1
01662,VERI-1072,1
01662,VERI-1137,4
01662,VERI-2344,3
01663,VERI-1072,1
01663,VERI-1137,2
01664,VERI-1128,19
01665,VERI-1072,1
01665,VERI-1137,9
01665,VERI-2344,1
01665,VERI-2369,3
01666,VERI-1137,1
01667,VERI-1130,10
01667,VERI-1419,9
01668,VERI-1128,19
01669,VERI-1137,1
01670,VERI-1137,11
01670,VERI-2344,8
01671,VERI-1128,1
01671,VERI-1137,12
01671,VERI-2344,6
01673,VERI-1072,2
01673,VERI-1137,1
01673,VERI-1823,1
01673,VERI-2344,1
01676,VERI-1072,1
01676,VERI-1128,3
01677,VERI-1128,19
01681,VERI-1137,1
01682,VERI-1137,1
01684,VERI-1137,1
01685,VERI-1137,1
01685,VERI-1158,1
01686,VERI-1072,1
01686,VERI-1137,2
01687,VERI-1137,3
01689,VERI-1072,1
01689,VERI-1137,6
01690,VERI-1137,1
01694,VERI-1072,1
01694,VERI-1315,2
01696,VERI-1137,1
01698,VERI-1137,1
01698,VERI-2344,1
01700,VERI-1128,1
01700,VERI-1137,1
01700,VERI-1413,1
01700,VERI-2344,1
01701,VERI-1072,1
01701,VERI-1137,2
01706,VERI-1072,1
01706,VERI-1137,15
01706,VERI-2344,3
01707,VERI-1072,1
01707,VERI-1137,3
01713,VERI-1137,1
01714,VERI-1137,1
01715,VERI-1072,1
01715,VERI-1137,2
01715,VERI-2344,1
01716,VERI-1137,2
01716,VERI-2344,2
01717,VERI-1137,1
01718,VERI-1128,19
01719,VERI-1137,1
01720,VERI-1072,1
01720,VERI-1120,3
01720,VERI-1137,15
01721,VERI-1072,1
01721,VERI-1137,1
01722,VERI-1072,1
01722,VERI-1137,1
01723,VERI-1137,1
01724,VERI-1072,1
01724,VERI-1137,2
01726,VERI-1128,19
01728,VERI-1128,19
01729,VERI-1072,1
01729,VERI-1137,2
01730,VERI-1137,1
01732,VERI-1072,1
01732,VERI-1137,2
01734,VERI-1128,17
01734,VERI-1137,1
01734,VERI-2344,1
01736,VERI-1137,1
01736,VERI-1158,2
01737,VERI-1128,19
01738,VERI-1072,1
01738,VERI-1137,2
01738,VERI-1140,2
01740,VERI-1072,1
01740,VERI-1137,7
01741,VERI-1072,1
01741,VERI-1137,1
01741,VERI-2344,1
01742,VERI-1072,1
01742,VERI-1137,1
01744,VERI-1072,1
01744,VERI-1137,1
01744,VERI-2344,1
01746,VERI-1137,1
01747,VERI-1128,17
01747,VERI-1137,2
01748,VERI-1072,1
01748,VERI-1321,6
01750,VERI-1137,1
01755,VERI-1137,11
01755,VERI-2344,3
01760,VERI-1128,8
01760,VERI-1137,10
01760,VERI-2344,1
01762,VERI-1072,1
01762,VERI-1128,13
01763,VERI-1072,1
01763,VERI-1130,2
01763,VERI-1137,1
01763,VERI-1419,2
01768,VERI-1072,1
01768,VERI-1137,6
01768,VERI-1281,5
01769,VERI-1128,19
01770,VERI-1128,19
01773,VERI-1072,2
01773,VERI-1137,2
01774,VERI-1128,19
01775,VERI-1137,15
01775,VERI-2344,4
01776,VERI-1137,1
01777,VERI-1137,1
01777,VERI-2344,1
01780,VERI-1128,6
01780,VERI-1137,13
01784,VERI-1137,13
01784,VERI-9011,6
01785,VERI-1072,1
01785,VERI-1137,6
01786,VERI-1072,1
01786,VERI-1128,6
01787,VERI-1137,13
01787,VERI-2344,6
01792,VERI-1072,1
01792,VERI-1137,1
01793,VERI-1072,1
01793,VERI-1137,1
01797,VERI-1072,1
01797,VERI-1243,2
01800,VERI-1072,1
01800,VERI-1137,1
01800,VERI-2344,1
01801,VERI-1072,4
01801,VERI-1128,3
01801,VERI-1137,8
01801,VERI-1314,1
01801,VERI-2369,3
01803,VERI-1072,1
01803,VERI-1137,2
01804,VERI-1072,1
01804,VERI-1130,2
01804,VERI-1419,2
01805,VERI-1072,3
01805,VERI-1137,5
01806,VERI-1137,2
01811,VERI-1128,18
01811,VERI-1137,1
01812,VERI-1072,1
01812,VERI-1137,14
01812,VERI-1188,1
01812,VERI-2344,2
01812,VERI-2369,1
01813,VERI-1128,19
01817,VERI-1137,1
01818,VERI-1072,1
01818,VERI-1137,8
01821,VERI-1072,1
01821,VERI-1130,6
01821,VERI-1419,6
01823,VERI-1128,19
01824,VERI-1137,1
01824,VERI-2344,1
01827,VERI-1137,1
01831,VERI-1072,1
01831,VERI-1137,1
01831,VERI-2344,1
01834,VERI-1072,1
01834,VERI-1137,1
01834,VERI-2344,1
01835,VERI-1137,1
01836,VERI-1137,1
01837,VERI-1072,2
01837,VERI-1137,16
01837,VERI-2344,1
01838,VERI-1128,17
01838,VERI-1137,1
01838,VERI-1158,1
01839,VERI-1128,19
01841,VERI-1072,2
01841,VERI-1137,4
01843,VERI-1128,19
01846,VERI-1128,18
01846,VERI-1137,1
01847,VERI-1128,19
01848,VERI-1072,1
01848,VERI-1137,1
01849,VERI-1072,1
01849,VERI-1137,2
01849,VERI-1321,1
01850,VERI-1072,1
01850,VERI-1137,2
01852,VERI-1137,1
01856,VERI-1072,1
01856,VERI-1137,1
01862,VERI-1072,1
01862,VERI-1130,1
01863,VERI-1072,1
01863,VERI-1137,4
01864,VERI-1137,18
01864,VERI-2344,1
01865,VERI-1072,1
01865,VERI-1137,1
01865,VERI-2344,1
01867,VERI-1072,1
01867,VERI-1137,1
01870,VERI-1072,1
01870,VERI-1841,7
01873,VERI-1072,1
01873,VERI-1128,18
01875,VERI-1128,19
01876,VERI-1128,15
01876,VERI-1137,4
01877,VERI-1072,1
01877,VERI-1137,7
01878,VERI-1128,19
01879,VERI-1128,19
01884,VERI-1137,15
01884,VERI-2344,4
01885,VERI-1072,2
01885,VERI-1137,2
01886,VERI-1128,19
01887,VERI-1072,1
01887,VERI-1137,3
01891,VERI-1137,6
01892,VERI-1072,1
01892,VERI-1120,10
01892,VERI-1137,8
01894,VERI-1128,19
01895,VERI-1072,2
01895,VERI-1137,7
01898,VERI-1072,1
01898,VERI-1137,4
01900,VERI-1128,19
01901,VERI-1137,19
01902,VERI-1072,1
01902,VERI-1128,4
01903,VERI-1137,19
01905,VERI-1120,1
01905,VERI-1128,12
01905,VERI-1137,6
01907,VERI-1137,19
01909,VERI-1137,1
01910,VERI-1128,19
01911,VERI-1128,19
01912,VERI-1137,11
01912,VERI-1281,6
01912,VERI-2344,1
01912,VERI-2369,1
01915,VERI-1128,19
01917,VERI-1072,1
01917,VERI-1137,2
01918,VERI-1072,1
01918,VERI-1137,1
01919,VERI-1137,14
01919,VERI-2344,5
01920,VERI-1072,1
01920,VERI-1128,12
01920,VERI-1137,1
01922,VERI-1137,1
01926,VERI-1072,1
01926,VERI-1128,16
01930,VERI-1072,1
01930,VERI-1137,4
01931,VERI-1137,19
01932,VERI-1072,1
01932,VERI-1137,2
01937,VERI-1137,19
01939,VERI-1128,8
01939,VERI-1137,11
01946,VERI-1137,1
01948,VERI-1128,19
01950,VERI-1072,1
01950,VERI-1137,10
01950,VERI-2344,4
01953,VERI-1072,1
01953,VERI-1137,18
01956,VERI-1128,19
01957,VERI-1072,1
01957,VERI-1137,2
01959,VERI-1137,1
01960,VERI-1011,2
01960,VERI-1072,1
01963,VERI-1137,15
01963,VERI-2344,4
01964,VERI-1128,19
01965,VERI-1137,1
01966,VERI-1128,18
01966,VERI-1137,1
01968,VERI-1128,19
01971,VERI-1072,1
01971,VERI-1137,8
01972,VERI-1137,2
01972,VERI-1413,3
01972,VERI-2344,2
01973,VERI-1072,1
01973,VERI-1137,2
01974,VERI-1072,1
01974,VERI-1137,1
01976,VERI-1128,19
01983,VERI-1072,2
01983,VERI-1137,4
01984,VERI-1072,1
01984,VERI-1321,1
01986,VERI-1072,1
01986,VERI-1137,4
01988,VERI-1072,1
01988,VERI-1841,1
01989,VERI-1128,19
01991,VERI-1128,19
01994,VERI-1072,1
01994,VERI-1137,1
01996,VERI-1128,17
01996,VERI-1137,1
01996,VERI-2344,1
01997,VERI-1128,19
01998,VERI-1137,1
01999,VERI-1128,19
02000,VERI-1137,1
02003,VERI-1137,1
02008,VERI-1072,1
02008,VERI-1137,2
02008,VERI-2369,1
02009,VERI-1128,19
02010,VERI-1137,1
02012,VERI-1137,1
02012,VERI-2344,1
02015,VERI-1072,4
02015,VERI-1137,6
02016,VERI-1137,16
02016,VERI-2344,3
02017,VERI-1128,19
02018,VERI-1128,19
02021,VERI-1128,19
02022,VERI-1128,19
02023,VERI-1072,1
02023,VERI-1137,2
02025,VERI-1137,8
02032,VERI-1072,1
02032,VERI-1137,3
02034,VERI-1072,1
02034,VERI-1137,2
02035,VERI-1137,1
02036,VERI-1128,19
02037,VERI-1137,1
02038,VERI-1128,19
02040,VERI-1072,1
02040,VERI-1137,2
02040,VERI-2344,2
02041,VERI-1137,13
02041,VERI-2344,1
02041,VERI-9011,5
02042,VERI-1137,1
02044,VERI-1128,19
02045,VERI-1072,1
02045,VERI-1137,4
02046,VERI-1072,1
02046,VERI-1130,1
02046,VERI-1315,2
02046,VERI-1419,1
02048,VERI-1128,19
02051,VERI-1137,1
02054,VERI-1072,1
02054,VERI-1137,3
02055,VERI-1072,1
02055,VERI-1137,1
02060,VERI-1072,1
02060,VERI-1137,3
02061,VERI-1128,13
02061,VERI-1137,3
02061,VERI-1281,2
02061,VERI-2344,1
02064,VERI-1072,1
02064,VERI-1137,15
02067,VERI-1128,19
02068,VERI-1072,1
02068,VERI-1137,7
02069,VERI-1072,2
02069,VERI-1137,1
02078,VERI-1072,1
02078,VERI-1137,1
02081,VERI-1128,15
02081,VERI-1137,4
02082,VERI-1128,19
02083,VERI-1072,2
02083,VERI-1137,1
02083,VERI-1363,1
02084,VERI-1128,19
02088,VERI-1128,19
02089,VERI-1137,2
02089,VERI-2344,2
02091,VERI-1128,19
02094,VERI-1128,19
02095,VERI-1128,19
02096,VERI-1128,19
02097,VERI-1137,1
02100,VERI-1072,1
02100,VERI-1128,17
02100,VERI-1137,1
02103,VERI-1120,9
02103,VERI-1137,10
02104,VERI-1072,1
02104,VERI-1137,2
02105,VERI-1072,1
02105,VERI-1137,4
02106,VERI-1072,1
02106,VERI-1137,2
02108,VERI-1128,19
02109,VERI-1137,1
02111,VERI-1072,1
02111,VERI-1137,1
02111,VERI-2344,1
02112,VERI-1072,4
02112,VERI-1120,4
02112,VERI-1137,6
02116,VERI-1128,19
02117,VERI-1137,19
02119,VERI-1128,19
02120,VERI-1072,1
02120,VERI-1130,1
02120,VERI-1419,1
02122,VERI-1137,1
02123,VERI-1072,1
02123,VERI-1128,18
02126,VERI-1072,1
02126,VERI-1128,4
02130,VERI-1137,1
02130,VERI-2344,1
02140,VERI-1128,18
02140,VERI-1137,1
02141,VERI-1137,1
02143,VERI-1072,1
02143,VERI-1137,6
02145,VERI-1072,1
02145,VERI-1137,10
02146,VERI-1072,1
02146,VERI-1137,1
02147,VERI-1137,1
02148,VERI-1072,1
02148,VERI-1137,4
02153,VERI-1072,1
02153,VERI-1137,2
02155,VERI-1072,1
02155,VERI-1245,1
02157,VERI-1128,19
02159,VERI-1072,1
02159,VERI-1137,1
02160,VERI-1128,18
02160,VERI-1137,1
02161,VERI-1072,1
02161,VERI-1137,4
02161,VERI-2344,3
02163,VERI-1137,1
02165,VERI-1072,1
02165,VERI-1137,2
02165,VERI-2369,1
02166,VERI-1072,1
02166,VERI-1137,8
02168,VERI-1128,19
02171,VERI-1072,1
02171,VERI-1137,3
02173,VERI-1128,19
02174,VERI-1072,1
02174,VERI-1137,1
02175,VERI-1072,1
02175,VERI-1137,1
02175,VERI-2344,1
02179,VERI-1128,19
02181,VERI-1137,1
02182,VERI-1128,19
02186,VERI-1128,19
02187,VERI-1072,1
02187,VERI-1137,6
02187,VERI-1138,1
02187,VERI-2344,2
02189,VERI-1137,14
02189,VERI-2344,5
02192,VERI-1072,1
02192,VERI-1137,1
02192,VERI-2344,1
02195,VERI-1137,1
02198,VERI-1072,1
02198,VERI-1137,4
02199,VERI-1137,1
02200,VERI-1072,1
02200,VERI-1137,4
02200,VERI-2344,1
02205,VERI-1072,1
02205,VERI-1137,4
02207,VERI-1128,19
02211,VERI-1128,19
02212,VERI-1137,2
02212,VERI-2344,2
02213,VERI-1072,1
02213,VERI-1130,1
02213,VERI-1137,1
02213,VERI-1419,1
02214,VERI-1072,1
02214,VERI-1137,4
02215,VERI-1072,1
02215,VERI-1137,1
02216,VERI-1072,1
02216,VERI-1137,3
02219,VERI-1072,1
02219,VERI-1128,9
02219,VERI-1137,9
02220,VERI-1137,1
02221,VERI-1137,16
02221,VERI-1371,1
02221,VERI-2344,2
02222,VERI-1042,1
02222,VERI-1072,1
02222,VERI-1078,1
02222,VERI-1137,2
02222,VERI-1243,1
02224,VERI-1128,19
02227,VERI-1042,1
02227,VERI-1078,1
02227,VERI-1120,1
02227,VERI-1137,14
02227,VERI-1180,1
02227,VERI-2344,1
02228,VERI-1072,1
02228,VERI-1137,2
02229,VERI-1137,1
02231,VERI-1128,19
02232,VERI-1072,1
02232,VERI-1137,8
02232,VERI-2344,1
02233,VERI-1072,1
02233,VERI-1137,4
02235,VERI-1072,1
02235,VERI-1137,11
02236,VERI-1072,1
02236,VERI-1130,1
02236,VERI-1419,1
02238,VERI-1072,1
02238,VERI-1137,1
02241,VERI-1072,1
02241,VERI-1128,1
02245,VERI-1128,19
02248,VERI-1128,13
02248,VERI-1137,4
02248,VERI-2079,1
02248,VERI-2369,1
02251,VERI-1137,15
02251,VERI-2344,4
02253,VERI-1072,1
02253,VERI-1137,5
02255,VERI-1128,19
02260,VERI-1128,19
02261,VERI-1072,1
02261,VERI-1137,1
02261,VERI-2344,1
02262,VERI-1137,13
02262,VERI-2344,6
02263,VERI-1072,1
02263,VERI-1137,1
02263,VERI-2344,1
02266,VERI-1128,19
02270,VERI-1137,1
02271,VERI-1072,1
02271,VERI-1137,6
02274,VERI-1072,1
02274,VERI-1137,2
02275,VERI-1137,1
02281,VERI-1072,1
02281,VERI-1128,1
02281,VERI-1137,1
02281,VERI-2344,1
02282,VERI-1072,1
02282,VERI-1137,8
02283,VERI-1137,1
02284,VERI-1128,19
02289,VERI-1137,1
02291,VERI-1137,1
02294,VERI-1072,1
02294,VERI-1321,6
02295,VERI-1137,1
02296,VERI-1128,19
02297,VERI-1128,19
02298,VERI-1137,1
02299,VERI-1128,19
02300,VERI-1137,1
02301,VERI-1137,14
02301,VERI-2344,5
02302,VERI-1128,19
02309,VERI-1137,3
02310,VERI-1137,19
02311,VERI-1072,1
02311,VERI-1137,1
02312,VERI-1072,1
02312,VERI-1137,1
02314,VERI-1158,1
02315,VERI-1137,1
02318,VERI-1137,1
02320,VERI-1128,15
02320,VERI-1137,4
02323,VERI-1128,19
02324,VERI-1072,1
02324,VERI-1137,8
02325,VERI-1072,1
02325,VERI-1137,3
02331,VERI-1072,1
02331,VERI-1137,1
02335,VERI-1128,19
02336,VERI-1128,19
02337,VERI-1072,1
02337,VERI-1128,2
02337,VERI-1137,7
02337,VERI-1314,1
02337,VERI-2344,2
02337,VERI-2369,1
02343,VERI-1137,15
02343,VERI-2344,4
02344,VERI-1128,19
02345,VERI-1072,1
02345,VERI-1137,1
02345,VERI-2344,1
02346,VERI-1072,1
02346,VERI-1128,1
02346,VERI-1137,8
02346,VERI-2344,2
02347,VERI-1137,1
02348,VERI-1137,1
02349,VERI-1072,1
02349,VERI-1128,18
02350,VERI-1137,11
02350,VERI-2344,8
02356,VERI-1072,1
02356,VERI-1137,6
02359,VERI-1072,1
02359,VERI-1137,2
02360,VERI-1128,19
02361,VERI-1137,1
02363,VERI-1072,1
02363,VERI-1137,6
02367,VERI-1072,1
02367,VERI-1137,2
02370,VERI-1137,1
02370,VERI-2344,1
02372,VERI-1128,6
02372,VERI-1137,13
02373,VERI-1072,1
02373,VERI-1137,1
02374,VERI-1072,1
02374,VERI-1243,2
02379,VERI-1072,1
02379,VERI-1137,2
02379,VERI-2344,1
02380,VERI-1128,19
02381,VERI-1072,1
02381,VERI-1137,1
02382,VERI-1128,19
02384,VERI-1072,1
02384,VERI-1137,1
02384,VERI-2344,1
02387,VERI-1137,1
02397,VERI-1072,1
02397,VERI-1137,13
02410,VERI-1137,1
02411,VERI-1072,1
02411,VERI-1137,7
02413,VERI-1072,1
02413,VERI-1137,15
02416,VERI-1072,1
02416,VERI-1130,3
02416,VERI-1315,5
02416,VERI-1419,3
02418,VERI-1128,19
02421,VERI-1072,1
02421,VERI-1137,3
02421,VERI-2344,1
02423,VERI-1072,1
02423,VERI-2369,1
02425,VERI-1137,1
02426,VERI-1128,15
02426,VERI-1137,4
02428,VERI-1120,3
02428,VERI-1137,14
02428,VERI-2344,2
02430,VERI-1128,19
02431,VERI-1128,19
02435,VERI-1072,1
02435,VERI-1137,1
02437,VERI-1137,10
02438,VERI-1137,6
02439,VERI-1128,19
02440,VERI-1072,1
02440,VERI-1137,1
02443,VERI-1128,19
02445,VERI-1072,1
02445,VERI-1128,18
02446,VERI-1072,1
02446,VERI-2369,5
02448,VERI-1072,1
02448,VERI-1137,2
02449,VERI-1072,1
02449,VERI-1128,6
02449,VERI-1315,8
02452,VERI-1072,1
02452,VERI-1137,7
02454,VERI-1072,1
02454,VERI-1128,17
02454,VERI-1137,1
02455,VERI-1072,1
02455,VERI-1137,1
02456,VERI-1137,19
02457,VERI-1128,10
02457,VERI-1137,7
02457,VERI-2344,2
02460,VERI-1072,1
02460,VERI-1137,6
02461,VERI-1137,19
02462,VERI-1072,1
02462,VERI-1137,4
02463,VERI-1137,16
02463,VERI-2344,3
02464,VERI-1072,1
02464,VERI-1137,4
02466,VERI-1072,2
02466,VERI-1137,2
02467,VERI-1072,1
02467,VERI-1137,7
02467,VERI-2344,1
02468,VERI-1137,1
02468,VERI-1158,1
02471,VERI-1128,19
02472,VERI-1137,1
02473,VERI-1128,19
02474,VERI-1072,1
02474,VERI-1137,2
02475,VERI-1137,13
02475,VERI-2344,6
02479,VERI-1072,1
02479,VERI-1137,12
02480,VERI-1128,13
02480,VERI-1137,6
02483,VERI-1128,10
02483,VERI-1137,5
02483,VERI-2344,4
02484,VERI-1137,1
02485,VERI-1128,19
02486,VERI-1128,12
02486,VERI-1137,7
02487,VERI-1072,1
02487,VERI-1137,5
02487,VERI-2344,1
02489,VERI-1137,13
02489,VERI-2344,6
02493,VERI-1137,19
02496,VERI-1137,14
02496,VERI-2344,5
02497,VERI-1128,19
02502,VERI-1072,1
02502,VERI-1188,2
02503,VERI-1072,1
02503,VERI-1128,1
02503,VERI-1130,1
02503,VERI-1137,1
02503,VERI-1315,1
02503,VERI-1419,1
02505,VERI-1137,1
02506,VERI-1137,1
02506,VERI-2344,1
02507,VERI-1072,1
02507,VERI-1137,1
02509,VERI-1128,19
02513,VERI-1128,18
02513,VERI-1137,1
02515,VERI-1128,12
02515,VERI-1137,7
02516,VERI-1120,1
02516,VERI-1137,15
02516,VERI-2344,3
02519,VERI-1072,1
02519,VERI-1128,18
02522,VERI-1128,19
02524,VERI-1042,4
02524,VERI-1072,1
02524,VERI-1100,5
02525,VERI-1072,1
02525,VERI-1137,6
02525,VERI-2344,1
02529,VERI-1137,12
02529,VERI-2344,7
02532,VERI-1137,15
02532,VERI-2344,4
02534,VERI-1128,19
02535,VERI-1137,1
02535,VERI-1158,1
02540,VERI-1137,1
02541,VERI-1072,1
02541,VERI-1188,2
02542,VERI-1128,19
02543,VERI-1137,1
02544,VERI-1128,18
02544,VERI-1137,1
02547,VERI-1128,19
02548,VERI-1072,1
02548,VERI-1188,4
02548,VERI-1952,4
02549,VERI-1072,4
02549,VERI-1128,7
02552,VERI-1128,19
02554,VERI-1072,1
02554,VERI-1137,10
02556,VERI-1137,1
02558,VERI-1128,17
02558,VERI-1137,1
02558,VERI-2344,1
02560,VERI-1072,1
02560,VERI-1137,1
02568,VERI-1128,19
02570,VERI-1072,1
02570,VERI-1128,4
02571,VERI-1137,1
02573,VERI-1128,17
02573,VERI-1137,1
02573,VERI-2344,1
02575,VERI-1072,1
02575,VERI-1130,7
02575,VERI-1419,7
02581,VERI-1137,1
02584,VERI-1072,1
02584,VERI-1137,2
02589,VERI-1072,1
02589,VERI-1137,4
02590,VERI-1137,1
02591,VERI-1137,1
02592,VERI-1072,1
02592,VERI-1137,1
02593,VERI-1128,19
02594,VERI-1072,4
02594,VERI-1128,1
02594,VERI-1137,3
02597,VERI-1128,17
02597,VERI-1137,2
02600,VERI-1128,18
02600,VERI-1137,1
02601,VERI-1072,1
02601,VERI-1137,3
02602,VERI-1128,9
02602,VERI-1137,10
02604,VERI-1128,19
02606,VERI-1072,1
02606,VERI-1137,1
02606,VERI-2344,1
02607,VERI-1072,1
02607,VERI-1130,7
02607,VERI-1137,3
02607,VERI-1419,3
02607,VERI-2344,1
02608,VERI-1137,1
02614,VERI-1072,1
02614,VERI-1128,5
02616,VERI-1137,1
02621,VERI-1137,3
02622,VERI-1128,19
02626,VERI-1137,11
02626,VERI-2344,8
02627,VERI-1128,17
02627,VERI-1137,2
02629,VERI-1072,1
02629,VERI-1130,8
02629,VERI-1419,6
02630,VERI-1137,1
02634,VERI-1137,1
02635,VERI-1137,1
02636,VERI-1072,1
02636,VERI-1188,3
02636,VERI-1952,3
02637,VERI-1072,1
02637,VERI-1137,3
02637,VERI-2344,1
02638,VERI-1072,1
02638,VERI-1315,1
02640,VERI-1128,19
02641,VERI-1128,19
02643,VERI-1137,12
02643,VERI-1620,1
02643,VERI-2344,6
02645,VERI-1137,2
02645,VERI-1413,2
02645,VERI-2344,2
02647,VERI-1072,1
02647,VERI-1137,2
02650,VERI-1137,1
02652,VERI-1072,1
02652,VERI-1137,3
02653,VERI-1128,9
02653,VERI-1137,10
02655,VERI-1137,1
02658,VERI-1128,18
02658,VERI-1137,1
02660,VERI-1137,1
02661,VERI-1137,18
02661,VERI-2369,1
02664,VERI-1072,2
02664,VERI-1137,12
02666,VERI-1128,19
02667,VERI-1137,1
02668,VERI-1128,19
02669,VERI-1137,1
02670,VERI-1072,1
02670,VERI-1137,1
02670,VERI-2344,1
02673,VERI-1128,19
02674,VERI-1128,17
02674,VERI-1137,1
02674,VERI-2344,1
02676,VERI-1072,1
02676,VERI-1137,2
02676,VERI-2344,2
02678,VERI-1137,1
02681,VERI-1128,17
02681,VERI-1137,1
02681,VERI-2344,1
02682,VERI-1072,1
02682,VERI-1137,1
02684,VERI-1072,1
02684,VERI-1137,2
02687,VERI-1072,1
02687,VERI-1137,2
02688,VERI-1072,1
02688,VERI-1137,3
02689,VERI-1137,19
02693,VERI-1137,1
02695,VERI-1128,19
02698,VERI-1072,2
02698,VERI-1137,2
02699,VERI-1072,1
02699,VERI-1137,1
02699,VERI-2344,1
02702,VERI-1072,1
02702,VERI-1137,1
02702,VERI-2344,1
02703,VERI-1128,19
02708,VERI-1072,1
02708,VERI-1137,1
02708,VERI-2344,1
02709,VERI-1128,19
02711,VERI-1128,18
02711,VERI-1137,1
02715,VERI-1128,17
02715,VERI-1137,2
02716,VERI-1137,15
02716,VERI-1836,1
02716,VERI-2344,3
02723,VERI-1072,1
02723,VERI-1137,16
02723,VERI-2344,2
02724,VERI-1128,19
02725,VERI-1072,1
02725,VERI-1130,8
02725,VERI-1419,7
02727,VERI-1128,19
02729,VERI-1128,13
02729,VERI-1137,6
02730,VERI-1137,12
02730,VERI-2344,7
02734,VERI-1072,1
02734,VERI-1128,3
02734,VERI-1137,2
02734,VERI-2344,2
02742,VERI-1128,19
02746,VERI-1072,1
02746,VERI-1841,2
02748,VERI-1137,1
02750,VERI-1128,19
02751,VERI-1137,1
02754,VERI-1128,19
02756,VERI-1072,1
02756,VERI-1137,4
02757,VERI-1072,1
02757,VERI-1137,7
02758,VERI-1072,1
02758,VERI-1137,1
02758,VERI-2344,1
02759,VERI-1072,1
02759,VERI-1137,1
02759,VERI-2344,1
02760,VERI-1072,1
02760,VERI-1137,18
02761,VERI-1072,1
02761,VERI-1137,2
02761,VERI-2369,1
02763,VERI-1137,1
02766,VERI-1072,1
02766,VERI-1128,13
02766,VERI-1137,2
02767,VERI-1072,1
02767,VERI-1137,12
02769,VERI-1137,2
02769,VERI-2344,2
02771,VERI-1128,18
02771,VERI-1137,1
02774,VERI-1691,19
02776,VERI-1072,1
02776,VERI-1128,1
02776,VERI-1137,17
02779,VERI-1137,15
02779,VERI-2344,4
02780,VERI-1137,1
02781,VERI-1072,1
02781,VERI-1137,15
02781,VERI-2344,2
02781,VERI-2369,1
02785,VERI-1137,18
02785,VERI-2344,1
02786,VERI-1072,1
02786,VERI-1137,7
02787,VERI-1072,1
02787,VERI-1137,12
02787,VERI-2369,1
02790,VERI-1128,19
02792,VERI-1072,1
02792,VERI-1137,1
02796,VERI-1137,1
02797,VERI-1137,1
02801,VERI-1072,1
02801,VERI-1137,1
02803,VERI-1072,1
02803,VERI-1137,2
02804,VERI-1072,1
02804,VERI-1137,10
02804,VERI-1281,2
02804,VERI-2344,2
02804,VERI-2369,2
02805,VERI-1137,1
02806,VERI-1128,19
02807,VERI-1137,1
02808,VERI-1072,1
02808,VERI-1137,1
02808,VERI-2344,1
02814,VERI-1072,1
02814,VERI-1137,2
02815,VERI-1137,1
02822,VERI-1072,1
02822,VERI-1137,1
02824,VERI-1128,19
02826,VERI-1072,1
02826,VERI-1137,3
02826,VERI-1140,1
02827,VERI-1128,19
02829,VERI-1137,1
02831,VERI-1072,1
02831,VERI-1137,1
02834,VERI-1128,19
02840,VERI-1072,1
02840,VERI-1137,7
02840,VERI-2344,2
02841,VERI-1072,1
02841,VERI-1137,18
02842,VERI-1137,1
02843,VERI-1128,19
02846,VERI-1072,1
02846,VERI-1137,1
02846,VERI-2344,1
02847,VERI-1072,1
02847,VERI-1128,6
02848,VERI-1072,1
02848,VERI-1137,1
02849,VERI-1072,1
02849,VERI-1137,1
02849,VERI-2344,1
02850,VERI-1137,13
02850,VERI-2344,6
02855,VERI-1128,19
02856,VERI-1072,1
02856,VERI-1137,12
02857,VERI-1137,1
02860,VERI-1128,19
02863,VERI-1128,19
02867,VERI-1128,5
02867,VERI-1137,14
02869,VERI-1128,19
02870,VERI-1072,1
02870,VERI-1137,1
02871,VERI-1072,1
02871,VERI-1137,4
02872,VERI-1137,1
02874,VERI-1072,1
02874,VERI-1137,1
02877,VERI-1128,17
02877,VERI-1137,1
02877,VERI-2344,1
02878,VERI-1137,1
02878,VERI-2344,1
02880,VERI-1072,1
02880,VERI-1137,2
02882,VERI-1128,19
02884,VERI-1072,1
02884,VERI-1137,2
02886,VERI-1128,19
02890,VERI-1072,3
02890,VERI-1906,16
02893,VERI-1128,19
02894,VERI-1072,1
02894,VERI-1137,5
02895,VERI-1072,1
02895,VERI-1137,1
02895,VERI-2344,1
02896,VERI-1072,1
02896,VERI-1321,4
02897,VERI-1072,2
02897,VERI-1137,2
02900,VERI-1137,19
02902,VERI-1072,1
02902,VERI-1116,2
02903,VERI-1072,1
02903,VERI-1137,10
02904,VERI-1137,1
02905,VERI-1137,12
02905,VERI-2344,7
02906,VERI-1137,1
02908,VERI-1072,1
02908,VERI-1137,2
02909,VERI-1072,1
02909,VERI-1137,5
02910,VERI-1072,1
02910,VERI-1137,1
02911,VERI-1072,1
02911,VERI-1137,11
02911,VERI-2344,2
02911,VERI-2369,1
02915,VERI-1137,1
02917,VERI-1137,1
02921,VERI-1137,1
02923,VERI-1072,1
02923,VERI-1137,4
02924,VERI-1072,1
02924,VERI-1137,6
02928,VERI-1137,1
02929,VERI-1072,1
02929,VERI-1137,3
02929,VERI-2344,1
02930,VERI-1128,19
02931,VERI-1128,19
02932,VERI-1137,1
02933,VERI-1072,1
02933,VERI-1137,1
02935,VERI-1072,1
02935,VERI-1137,4
02935,VERI-2344,2
02936,VERI-1128,19
02937,VERI-1072,1
02937,VERI-1137,7
02937,VERI-2344,3
02939,VERI-1137,17
02939,VERI-2344,1
02939,VERI-2369,1
02940,VERI-1072,1
02940,VERI-1137,4
02941,VERI-1128,18
02941,VERI-1137,1
02944,VERI-1072,1
02944,VERI-1120,2
02944,VERI-1137,2
02948,VERI-1072,1
02948,VERI-1137,2
02949,VERI-1128,19
02950,VERI-1128,19
02952,VERI-1137,1
02954,VERI-1128,19
02955,VERI-1137,1
02955,VERI-2344,1
02956,VERI-1072,3
02956,VERI-1137,14
02956,VERI-2344,2
02959,VERI-1072,1
02959,VERI-1137,1
02962,VERI-1072,1
02962,VERI-1137,6
02965,VERI-1072,1
02965,VERI-1137,5
02965,VERI-2344,1
02966,VERI-1072,1
02966,VERI-1128,3
02966,VERI-1137,2
02968,VERI-1072,1
02968,VERI-1137,3
02968,VERI-1140,1
02968,VERI-1321,4
02970,VERI-1128,19
02971,VERI-1128,19
02976,VERI-1128,19
02978,VERI-1137,1
02979,VERI-1128,19
02982,VERI-1072,1
02982,VERI-1128,14
02985,VERI-1128,17
02985,VERI-1137,2
02987,VERI-1128,19
02989,VERI-1128,19
02990,VERI-1072,1
02990,VERI-1137,1
02990,VERI-2344,1
02991,VERI-1128,15
02991,VERI-1137,4
02993,VERI-1137,19
03001,VERI-1128,19
03002,VERI-1128,19
03004,VERI-1128,19
03005,VERI-1128,17
03005,VERI-1321,2
03007,VERI-1072,1
03007,VERI-1137,6
03008,VERI-1137,1
03009,VERI-1137,1
03010,VERI-1072,1
03010,VERI-1841,2
03011,VERI-1072,1
03011,VERI-1137,3
03011,VERI-2344,2
03012,VERI-1137,1
03015,VERI-1137,19
03016,VERI-1128,11
03016,VERI-1137,4
03016,VERI-2344,4
03019,VERI-1072,1
03019,VERI-1137,8
03019,VERI-1188,2
03019,VERI-1952,2
03022,VERI-1072,1
03022,VERI-1128,1
03022,VERI-1137,10
03022,VERI-1620,2
03022,VERI-2344,4
03024,VERI-1137,14
03024,VERI-2344,5
03026,VERI-1137,12
03026,VERI-2344,7
03027,VERI-1128,19
03029,VERI-1072,1
03029,VERI-1137,4
03030,VERI-1137,19
03031,VERI-1130,9
03031,VERI-1315,2
03031,VERI-1419,8
03032,VERI-1072,1
03032,VERI-1137,1
03032,VERI-9011,1
03033,VERI-1072,1
03033,VERI-1137,4
03034,VERI-1128,19
03038,VERI-1072,1
03038,VERI-1120,1
03038,VERI-1137,7
03038,VERI-2344,4
03042,VERI-1072,1
03042,VERI-1137,1
03045,VERI-1072,1
03045,VERI-1137,4
03047,VERI-1128,19
03048,VERI-1072,1
03048,VERI-1137,3
03050,VERI-1072,1
03050,VERI-1128,1
03050,VERI-1137,5
03050,VERI-1620,1
03050,VERI-2344,2
03053,VERI-1072,1
03053,VERI-1137,18
03057,VERI-1072,1
03057,VERI-1137,3
03058,VERI-1128,19
03059,VERI-1072,1
03059,VERI-1130,4
03059,VERI-1419,4
03064,VERI-1137,1
03066,VERI-1072,1
03066,VERI-1137,2
03069,VERI-1072,1
03069,VERI-1137,7
03069,VERI-2344,1
03070,VERI-1128,19
03071,VERI-1128,19
03072,VERI-1072,1
03072,VERI-1137,1
03075,VERI-1137,1
03081,VERI-1072,1
03081,VERI-1137,1
03089,VERI-1072,1
03089,VERI-1137,2
03090,VERI-1137,1
03093,VERI-1128,19
03097,VERI-1137,16
03097,VERI-2344,3
03099,VERI-1072,1
03099,VERI-1137,2
03099,VERI-2369,1
03101,VERI-1128,17
03101,VERI-1137,2
03102,VERI-1128,19
03103,VERI-1137,1
03104,VERI-1120,1
03104,VERI-1137,18
03107,VERI-1128,19
03108,VERI-1116,5
03108,VERI-1137,10
03108,VERI-2344,4
03109,VERI-1072,1
03109,VERI-1137,2
03110,VERI-1128,19
03111,VERI-1072,1
03111,VERI-1137,6
03111,VERI-2369,1
03112,VERI-1128,19
03113,VERI-1128,19
03116,VERI-1137,1
03119,VERI-1137,18
03119,VERI-9011,1
03122,VERI-1137,1
03124,VERI-1128,19
03126,VERI-1137,19
03127,VERI-1072,1
03127,VERI-1137,1
03131,VERI-1128,19
03133,VERI-1137,1
03134,VERI-1072,1
03134,VERI-1137,6
03135,VERI-1128,19
03137,VERI-1072,1
03137,VERI-1137,1
03139,VERI-1137,1
03141,VERI-1072,1
03141,VERI-1137,4
03142,VERI-1072,1
03142,VERI-1116,1
03142,VERI-1121,1
03142,VERI-1137,3
03142,VERI-1188,1
03142,VERI-1446,1
03143,VERI-1137,1
03146,VERI-1072,1
03146,VERI-1137,1
03146,VERI-2344,1
03147,VERI-1128,18
03147,VERI-1137,1
03149,VERI-1072,1
03149,VERI-1137,2
03150,VERI-1137,1
03151,VERI-1137,1
03156,VERI-1072,1
03156,VERI-1137,15
03158,VERI-1128,16
03158,VERI-1188,2
03158,VERI-1952,1
03159,VERI-1072,1
03159,VERI-1128,13
03163,VERI-1137,2
03164,VERI-1128,17
03164,VERI-1137,1
03164,VERI-2344,1
03166,VERI-1137,1
03168,VERI-1137,16
03168,VERI-2344,3
03170,VERI-1072,1
03170,VERI-1137,1
03170,VERI-2344,1
03172,VERI-1137,1
03175,VERI-1072,1
03175,VERI-1321,2
03176,VERI-1072,1
03176,VERI-1321,1
03176,VERI-1586,1
03178,VERI-1072,1
03178,VERI-1137,6
03178,VERI-1188,2
03178,VERI-2344,1
03180,VERI-1137,1
03180,VERI-2344,1
03181,VERI-1072,2
03181,VERI-1841,2
03182,VERI-1128,19
03184,VERI-1072,3
03184,VERI-1137,8
03185,VERI-1128,17
03185,VERI-1137,2
03187,VERI-1072,1
03187,VERI-1137,2
03188,VERI-1072,1
03188,VERI-1137,1
03188,VERI-2344,1
03190,VERI-1072,1
03190,VERI-1137,6
03191,VERI-1128,9
03191,VERI-1137,7
03191,VERI-1158,1
03191,VERI-2344,2
03192,VERI-1072,1
03192,VERI-1137,13
03195,VERI-1137,17
03195,VERI-2344,2
03196,VERI-1128,7
03196,VERI-1137,6
03196,VERI-2344,6
03197,VERI-1072,1
03197,VERI-1137,5
03197,VERI-2344,1
03200,VERI-1072,1
03200,VERI-1137,4
03204,VERI-1137,1
03206,VERI-1128,19
03207,VERI-1072,1
03207,VERI-1137,1
03208,VERI-1072,1
03208,VERI-1137,4
03208,VERI-1314,2
03208,VERI-2344,1
03208,VERI-2369,1
03211,VERI-1128,19
03212,VERI-1072,1
03212,VERI-1130,1
03212,VERI-1419,1
03213,VERI-1137,1
03216,VERI-1072,1
03216,VERI-1137,9
03217,VERI-1137,1
03219,VERI-1137,1
03221,VERI-1072,1
03221,VERI-1137,10
03223,VERI-1128,19
03224,VERI-1128,19
03225,VERI-1128,19
03228,VERI-1072,1
03228,VERI-1137,2
03229,VERI-1128,19
03230,VERI-1072,1
03230,VERI-1137,2
03231,VERI-1072,1
03231,VERI-1137,1
03231,VERI-2344,1
03236,VERI-1128,18
03236,VERI-1823,1
03237,VERI-1137,1
03237,VERI-2344,1
03239,VERI-1128,19
03240,VERI-1072,1
03240,VERI-1137,1
03240,VERI-2344,1
03242,VERI-1128,19
03243,VERI-1128,12
03243,VERI-1137,7
03246,VERI-1137,2
03247,VERI-1072,1
03247,VERI-1128,2
03247,VERI-1137,1
03247,VERI-2344,1
03249,VERI-1137,1
03250,VERI-1072,1
03250,VERI-1243,1
03254,VERI-1137,1
03255,VERI-1072,1
03255,VERI-1137,2
03255,VERI-2344,1
03257,VERI-1072,1
03257,VERI-1137,2
03257,VERI-1906,6
03260,VERI-1137,1
03260,VERI-2344,1
03262,VERI-1072,1
03262,VERI-1137,3
03264,VERI-1072,1
03264,VERI-1137,1
03264,VERI-2344,1
03265,VERI-1128,19
03269,VERI-1128,18
03269,VERI-1137,1
03270,VERI-1128,19
03271,VERI-1128,19
03272,VERI-1072,1
03272,VERI-1128,16
03274,VERI-1137,1
03275,VERI-1072,1
03275,VERI-1137,1
03275,VERI-2344,1
03281,VERI-1072,1
03281,VERI-1137,1
03283,VERI-1072,1
03283,VERI-1321,3
03284,VERI-1128,19
03285,VERI-1128,19
03286,VERI-1137,1
03287,VERI-1128,19
03289,VERI-1128,19
03290,VERI-1128,19
03291,VERI-1072,2
03291,VERI-1137,16
03293,VERI-1128,19
03294,VERI-1072,1
03294,VERI-1137,12
03296,VERI-1137,1
03297,VERI-1072,1
03297,VERI-1137,2
03297,VERI-2344,1
03298,VERI-1072,1
03298,VERI-1137,1
03298,VERI-2344,1
03306,VERI-1137,13
03306,VERI-2344,6
03309,VERI-1128,19
03313,VERI-1128,19
03319,VERI-1072,1
03319,VERI-1137,18
03324,VERI-1072,1
03324,VERI-1130,3
03324,VERI-1137,5
03324,VERI-1419,3
03325,VERI-1128,19
03326,VERI-1072,1
03326,VERI-1126,2
03326,VERI-1137,1
03327,VERI-1120,3
03327,VERI-1137,15
03327,VERI-1321,1
03328,VERI-1072,1
03328,VERI-1266,2
03330,VERI-1072,1
03330,VERI-1128,12
03330,VERI-1137,3
03330,VERI-2344,1
03332,VERI-1072,1
03332,VERI-1137,6
03334,VERI-1137,1
03335,VERI-1072,1
03335,VERI-1137,3
03336,VERI-1128,16
03336,VERI-1137,2
03336,VERI-2369,1
03337,VERI-1072,1
03337,VERI-1137,1
03337,VERI-1315,6
03337,VERI-2344,1
03339,VERI-1072,1
03339,VERI-1137,4
03340,VERI-1137,19
03342,VERI-1128,19
03344,VERI-1128,19
03345,VERI-1128,18
03345,VERI-1137,1
03347,VERI-1128,11
03347,VERI-1137,6
03347,VERI-2079,1
03347,VERI-2369,1
03352,VERI-1137,1
03353,VERI-1116,7
03353,VERI-1137,12
03355,VERI-1137,1
03356,VERI-1072,1
03356,VERI-1137,1
03356,VERI-2344,1
03358,VERI-1137,1
03359,VERI-1072,1
03359,VERI-1137,1
03359,VERI-2344,1
03361,VERI-1072,4
03361,VERI-1137,5
03363,VERI-1137,1
03364,VERI-1137,1
03364,VERI-2344,1
03365,VERI-1072,1
03365,VERI-1137,1
03365,VERI-2344,1
03367,VERI-1072,1
03367,VERI-1137,4
03369,VERI-1072,1
03369,VERI-1137,2
03370,VERI-1128,18
03370,VERI-1137,1
03371,VERI-1137,15
03371,VERI-2344,4
03372,VERI-1072,1
03372,VERI-1137,4
03373,VERI-1128,19
03374,VERI-1137,1
03375,VERI-1072,1
03375,VERI-1128,4
03377,VERI-1128,19
03378,VERI-1072,1
03378,VERI-1128,1
03379,VERI-1137,14
03379,VERI-2344,5
03380,VERI-1128,19
03382,VERI-1072,1
03382,VERI-1137,3
03385,VERI-1072,1
03385,VERI-1128,1
03385,VERI-1137,12
03385,VERI-2344,2
03387,VERI-1128,19
03389,VERI-1137,1
03391,VERI-1128,19
03394,VERI-1072,1
03394,VERI-1137,2
03394,VERI-2369,1
03395,VERI-1072,1
03395,VERI-1137,12
03395,VERI-2344,1
03398,VERI-1072,1
03398,VERI-1137,1
03400,VERI-1128,19
03401,VERI-1072,1
03401,VERI-1120,8
03401,VERI-1137,10
03405,VERI-1137,1
03406,VERI-1137,1
03406,VERI-1413,1
03406,VERI-2344,1
03407,VERI-1072,1
03407,VERI-1130,5
03407,VERI-1137,3
03407,VERI-1419,5
03408,VERI-1128,19
03410,VERI-1137,1
03411,VERI-1072,1
03411,VERI-1137,2
03412,VERI-1137,1
03414,VERI-1072,1
03414,VERI-1315,3
03416,VERI-1072,1
03416,VERI-1128,10
03416,VERI-1137,7
03416,VERI-1188,1
03418,VERI-1128,19
03422,VERI-1128,16
03422,VERI-1137,3
03424,VERI-1072,1
03424,VERI-1137,1
03425,VERI-1137,2
03426,VERI-1137,1
03427,VERI-1128,15
03427,VERI-1137,3
03427,VERI-2344,1
03429,VERI-1137,1
03432,VERI-1072,1
03432,VERI-1128,17
03432,VERI-1137,1
03434,VERI-1128,14
03434,VERI-1137,4
03434,VERI-1140,1
03435,VERI-1128,1
03435,VERI-1137,18
03441,VERI-1072,1
03441,VERI-1137,8
03442,VERI-1128,19
03445,VERI-1072,1
03445,VERI-1321,3
03445,VERI-1586,3
03446,VERI-1137,1
03448,VERI-1128,19
03451,VERI-1137,1
03452,VERI-1072,1
03452,VERI-1137,1
03453,VERI-1072,1
03453,VERI-1137,2
03454,VERI-1072,1
03454,VERI-1137,4
03455,VERI-1128,19
03456,VERI-1072,3
03456,VERI-1137,4
03456,VERI-2344,3
03457,VERI-1072,1
03457,VERI-1137,3
03459,VERI-1137,1
03462,VERI-1128,19
03463,VERI-1128,18
03463,VERI-1137,1
03464,VERI-1072,1
03464,VERI-1137,2
03466,VERI-1128,19
03467,VERI-1072,1
03467,VERI-1137,10
03468,VERI-1072,1
03468,VERI-1137,4
03470,VERI-1072,1
03470,VERI-1137,2
03471,VERI-1072,1
03471,VERI-1137,1
03471,VERI-2344,1
03472,VERI-1072,1
03472,VERI-1137,1
03472,VERI-2344,1
03473,VERI-1020,1
03473,VERI-1072,1
03473,VERI-1137,1
03476,VERI-1072,1
03476,VERI-1128,1
03476,VERI-1137,2
03476,VERI-2344,1
03477,VERI-1137,18
03477,VERI-2344,1
03480,VERI-1128,16
03480,VERI-1137,3
03483,VERI-1128,19
03486,VERI-1072,1
03486,VERI-1137,4
03488,VERI-1072,1
03488,VERI-1137,1
03488,VERI-2344,1
03490,VERI-1137,1
03492,VERI-1072,1
03492,VERI-1137,2
03494,VERI-1128,17
03494,VERI-1137,2
03495,VERI-1128,6
03495,VERI-1137,12
03495,VERI-1158,1
03496,VERI-1128,19
03497,VERI-1072,1
03497,VERI-1137,1
03501,VERI-1137,1
03503,VERI-1128,19
03504,VERI-1072,1
03504,VERI-1137,2
03507,VERI-1072,1
03507,VERI-1137,6
03510,VERI-1072,1
03510,VERI-1137,2
03511,VERI-1128,19
03514,VERI-1128,19
03515,VERI-1072,1
03515,VERI-1137,2
03517,VERI-1072,1
03517,VERI-1137,1
03518,VERI-1072,1
03518,VERI-1188,4
03519,VERI-1137,1
03521,VERI-1137,13
03521,VERI-2344,6
03522,VERI-1137,1
03523,VERI-1072,1
03523,VERI-1137,8
03525,VERI-1137,1
03528,VERI-1072,1
03528,VERI-1137,14
03528,VERI-2344,4
03529,VERI-1137,13
03529,VERI-2344,6
03530,VERI-1137,1
03531,VERI-1137,1
03536,VERI-1137,1
03537,VERI-1137,1
03541,VERI-1413,1
03541,VERI-1691,18
03542,VERI-1072,1
03542,VERI-1137,6
03542,VERI-2369,1
03545,VERI-1072,1
03545,VERI-1137,4
03545,VERI-2079,2
03545,VERI-2369,2
03547,VERI-1137,1
03553,VERI-1072,1
03553,VERI-1137,7
03554,VERI-1072,1
03554,VERI-1137,2
03555,VERI-1128,19
03556,VERI-1072,1
03556,VERI-1137,2
03557,VERI-1137,1
03562,VERI-1072,1
03562,VERI-1137,6
03562,VERI-2344,1
03563,VERI-1072,1
03563,VERI-1137,2
03563,VERI-2079,1
03563,VERI-2369,1
03564,VERI-1128,19
03565,VERI-1072,1
03565,VERI-1137,2
03567,VERI-1072,1
03567,VERI-1137,9
03567,VERI-2344,1
03568,VERI-1128,17
03568,VERI-1137,2
03571,VERI-1137,1
03573,VERI-1072,1
03573,VERI-1137,1
03573,VERI-2344,1
03574,VERI-1072,1
03574,VERI-1137,11
03574,VERI-2344,1
03576,VERI-1072,1
03576,VERI-1137,2
03576,VERI-2369,1
03577,VERI-1137,1
03580,VERI-1072,1
03580,VERI-1137,1
03580,VERI-2344,1
03582,VERI-1128,12
03582,VERI-1137,7
03587,VERI-1072,1
03587,VERI-1128,6
03587,VERI-1137,9
03587,VERI-1158,1
03587,VERI-2344,2
03588,VERI-1128,19
03592,VERI-1128,19
03593,VERI-1072,1
03593,VERI-1137,1
03594,VERI-1128,19
03596,VERI-1137,1
03598,VERI-1128,17
03598,VERI-1137,1
03598,VERI-2344,1
03599,VERI-1128,19
03602,VERI-1072,1
03602,VERI-1137,2
03605,VERI-1072,1
03605,VERI-1128,1
03605,VERI-1137,7
03605,VERI-1620,1
03605,VERI-2344,2
03606,VERI-1137,1
03609,VERI-1128,19
03610,VERI-1072,1
03610,VERI-1137,1
03614,VERI-1072,1
03614,VERI-1137,1
03615,VERI-1128,19
03619,VERI-1072,1
03619,VERI-1137,10
03619,VERI-2344,1
03619,VERI-2369,1
03621,VERI-1072,1
03621,VERI-1137,3
03622,VERI-1072,1
03622,VERI-1137,1
03622,VERI-9011,1
03623,VERI-1128,19
03625,VERI-1128,17
03625,VERI-1137,2
03626,VERI-1128,15
03626,VERI-1321,2
03626,VERI-1586,2
03629,VERI-1128,17
03629,VERI-1137,2
03632,VERI-1072,1
03632,VERI-1137,6
03633,VERI-1072,1
03633,VERI-1137,2
03635,VERI-1128,19
03637,VERI-1137,1
03641,VERI-1128,19
03642,VERI-1072,1
03642,VERI-1137,5
03650,VERI-1072,1
03650,VERI-1137,5
03650,VERI-1281,1
03650,VERI-2344,2
03652,VERI-1128,19
03655,VERI-1072,1
03655,VERI-1137,1
03656,VERI-1137,1
03657,VERI-1128,19
03658,VERI-1137,14
03658,VERI-2344,5
03659,VERI-1072,1
03659,VERI-1128,1
03659,VERI-1137,1
03659,VERI-2344,1
03661,VERI-1072,1
03661,VERI-1188,1
03662,VERI-1128,19
03664,VERI-1128,19
03665,VERI-1128,19
03666,VERI-1137,19
03673,VERI-1137,1
03675,VERI-1137,1
03677,VERI-1137,1
03678,VERI-1072,1
03678,VERI-2127,1
03679,VERI-1137,1
03680,VERI-1137,1
03682,VERI-1072,1
03682,VERI-1137,2
03684,VERI-1137,1
03684,VERI-2344,1
03685,VERI-1072,1
03685,VERI-1137,2
03687,VERI-1072,1
03687,VERI-1137,3
03688,VERI-1128,19
03691,VERI-1128,19
03694,VERI-1072,1
03694,VERI-1137,1
03696,VERI-1137,1
03696,VERI-1158,2
03702,VERI-1137,1
03706,VERI-1137,5
03708,VERI-1072,1
03708,VERI-1137,3
03709,VERI-1128,19
03713,VERI-1072,1
03713,VERI-1120,4
03713,VERI-1137,5
03714,VERI-1072,1
03714,VERI-1137,1
03714,VERI-2344,1
03721,VERI-1128,4
03721,VERI-1137,9
03721,VERI-1314,3
03721,VERI-2344,2
03721,VERI-2369,1
03723,VERI-1128,19
03724,VERI-1128,19
03726,VERI-1137,17
03726,VERI-2344,1
03726,VERI-2369,1
03730,VERI-1128,19
03737,VERI-1128,19
03740,VERI-1128,19
03742,VERI-1072,1
03742,VERI-1137,9
03745,VERI-1128,19
03747,VERI-1137,1
03748,VERI-1072,1
03748,VERI-1128,18
03749,VERI-1072,1
03749,VERI-1120,3
03749,VERI-1137,11
03749,VERI-2344,1
03750,VERI-1128,19
03751,VERI-1072,1
03751,VERI-1137,6
03756,VERI-1128,19
03757,VERI-1072,1
03757,VERI-1137,2
03758,VERI-1072,1
03758,VERI-1137,3
03759,VERI-1072,1
03759,VERI-1137,2
03760,VERI-1137,1
03761,VERI-1072,1
03761,VERI-1137,9
03762,VERI-1137,1
03767,VERI-1137,2
03767,VERI-2344,2
03769,VERI-1072,4
03769,VERI-1137,1
03769,VERI-1266,1
03771,VERI-1072,1
03771,VERI-1137,8
03775,VERI-1128,19
03776,VERI-1137,19
03777,VERI-1137,1
03780,VERI-1072,1
03780,VERI-1137,4
03780,VERI-1188,1
03780,VERI-1952,1
03782,VERI-1128,19
03785,VERI-1072,1
03785,VERI-1137,1
03785,VERI-2344,1
03787,VERI-1072,1
03787,VERI-1137,1
03788,VERI-1072,1
03788,VERI-1137,4
03789,VERI-1072,1
03789,VERI-1137,2
03789,VERI-2344,2
03790,VERI-1072,1
03790,VERI-1841,15
03793,VERI-1120,9
03793,VERI-1137,10
03795,VERI-1128,19
03796,VERI-1128,19
03797,VERI-1128,17
03797,VERI-1137,2
03802,VERI-1072,1
03802,VERI-1137,1
03803,VERI-1137,1
03806,VERI-1128,19
03808,VERI-1072,1
03808,VERI-1137,15
03808,VERI-1281,1
03808,VERI-2079,1
03808,VERI-2344,1
03811,VERI-1137,1
03814,VERI-1128,19
03816,VERI-1072,1
03816,VERI-1321,9
03817,VERI-1072,1
03817,VERI-1120,8
03817,VERI-1137,8
03818,VERI-1137,18
03818,VERI-2344,1
03819,VERI-1072,1
03819,VERI-1137,9
03820,VERI-1072,1
03820,VERI-1137,2
03821,VERI-1128,19
03823,VERI-1072,1
03823,VERI-1137,1
03823,VERI-2344,1
03826,VERI-1137,1
03827,VERI-1128,19
03828,VERI-1137,1
03829,VERI-1128,17
03829,VERI-1137,2
03830,VERI-1128,19
03833,VERI-1137,1
03835,VERI-1137,1
03836,VERI-1072,1
03836,VERI-1586,1
03842,VERI-1137,1
03847,VERI-1137,1
03848,VERI-1137,1
03851,VERI-1137,17
03851,VERI-2344,2
03852,VERI-1137,1
03853,VERI-1137,1
03856,VERI-1128,19
03857,VERI-1072,1
03857,VERI-1137,1
03857,VERI-2344,1
03858,VERI-1128,19
03859,VERI-1128,19
03860,VERI-1072,1
03860,VERI-1137,1
03862,VERI-1128,19
03867,VERI-1137,1
03867,VERI-1413,1
03867,VERI-2344,1
03872,VERI-1072,1
03872,VERI-1137,10
03872,VERI-2344,8
03873,VERI-1072,1
03873,VERI-1137,1
03877,VERI-1137,19
03882,VERI-1128,19
03885,VERI-1072,1
03885,VERI-1137,11
03885,VERI-2344,7
03886,VERI-1072,1
03886,VERI-1137,1
03886,VERI-2344,1
03887,VERI-1128,19
03888,VERI-1072,1
03888,VERI-1137,3
03896,VERI-1072,1
03896,VERI-1137,1
03897,VERI-1072,1
03897,VERI-1128,1
03901,VERI-1128,19
03903,VERI-1072,1
03903,VERI-1243,3
03905,VERI-1128,17
03905,VERI-1137,2
03906,VERI-1137,1
03916,VERI-1011,10
03916,VERI-1072,1
03916,VERI-1137,3
03916,VERI-1188,1
03916,VERI-1281,1
03916,VERI-2079,1
03916,VERI-2344,2
03917,VERI-1137,1
03918,VERI-1137,1
03919,VERI-1072,1
03919,VERI-1128,18
03921,VERI-1137,1
03922,VERI-1137,16
03922,VERI-2344,3
03926,VERI-1128,19
03929,VERI-1137,1
03932,VERI-1072,1
03932,VERI-1128,1
03932,VERI-1137,4
03932,VERI-2344,1
03933,VERI-1128,19
03936,VERI-1072,1
03936,VERI-1137,5
03937,VERI-1072,1
03937,VERI-1137,10
03940,VERI-1128,19
03946,VERI-1128,19
03948,VERI-1128,18
03948,VERI-1137,1
03950,VERI-1137,1
03951,VERI-1072,1
03951,VERI-1841,2
03953,VERI-1072,1
03953,VERI-1188,6
03953,VERI-1952,5
03960,VERI-1137,1
03962,VERI-1072,1
03962,VERI-1137,3
03962,VERI-2344,1
03963,VERI-1072,1
03963,VERI-1315,6
03964,VERI-1137,1
03966,VERI-1128,19
03969,VERI-1128,19
03972,VERI-1137,1
03972,VERI-2344,1
03973,VERI-1072,1
03973,VERI-1137,2
03976,VERI-1072,1
03976,VERI-1137,1
03979,VERI-1072,1
03979,VERI-1243,4
03982,VERI-1128,19
03983,VERI-1072,1
03983,VERI-1137,3
03984,VERI-1072,1
03984,VERI-1120,14
03986,VERI-1137,1
03987,VERI-1072,1
03987,VERI-1137,2
03988,VERI-1072,1
03988,VERI-1128,18
03989,VERI-1137,1
03989,VERI-2344,1
03990,VERI-1072,1
03990,VERI-1137,5
03991,VERI-1072,1
03991,VERI-1137,2
03992,VERI-1072,2
03992,VERI-1137,4
03992,VERI-2344,1
03997,VERI-1137,1
03998,VERI-1137,1
03999,VERI-1116,2
03999,VERI-1137,11
03999,VERI-2344,6
04001,VERI-1072,1
04001,VERI-1137,14
04002,VERI-1072,1
04002,VERI-1137,1
04006,VERI-1072,1
04006,VERI-1137,2
04008,VERI-1128,19
04009,VERI-1137,1
04010,VERI-1072,1
04010,VERI-1137,3
04010,VERI-2344,1
04017,VERI-1137,19
04021,VERI-1128,19
04022,VERI-1072,1
04022,VERI-1137,6
04025,VERI-1128,19
04027,VERI-1137,1
04028,VERI-1137,1
04030,VERI-1128,19
04031,VERI-1137,2
04031,VERI-2344,2
04036,VERI-1072,1
04036,VERI-1137,1
04036,VERI-2344,1
04037,VERI-1137,17
04037,VERI-2344,2
04039,VERI-1072,1
04039,VERI-1130,1
04039,VERI-1419,1
04041,VERI-1137,1
04042,VERI-1072,1
04042,VERI-1321,2
04043,VERI-1072,2
04043,VERI-1137,10
04044,VERI-1137,19
04050,VERI-1072,1
04050,VERI-1137,2
04053,VERI-1072,1
04053,VERI-1137,9
04053,VERI-2344,6
04055,VERI-1072,1
04055,VERI-1137,6
04057,VERI-1072,1
04057,VERI-1137,4
04058,VERI-1128,19
04059,VERI-1137,1
04063,VERI-1072,1
04063,VERI-1137,4
04064,VERI-1072,1
04064,VERI-1128,6
04064,VERI-1137,2
04064,VERI-1158,2
04064,VERI-1245,1
04065,VERI-1128,17
04065,VERI-1188,1
04065,VERI-1952,1
04066,VERI-1137,4
04068,VERI-1137,1
04070,VERI-1072,1
04070,VERI-1130,1
04070,VERI-1419,1
04071,VERI-1072,1
04071,VERI-1137,1
04074,VERI-1128,19
04075,VERI-1137,1
04079,VERI-1137,1
04080,VERI-1137,1
04081,VERI-1137,1
04083,VERI-1128,19
04084,VERI-1137,1
04086,VERI-1072,2
04086,VERI-1137,12
04086,VERI-2369,4
04087,VERI-1072,1
04087,VERI-1128,15
04087,VERI-1137,1
04088,VERI-1072,1
04088,VERI-1130,3
04088,VERI-1419,2
04091,VERI-1137,1
04096,VERI-1072,1
04096,VERI-1137,3
04097,VERI-1137,1
04103,VERI-1137,14
04103,VERI-2344,5
04106,VERI-1128,19
04107,VERI-1128,19
04112,VERI-1072,1
04112,VERI-1120,1
04112,VERI-1137,14
04112,VERI-2344,3
04113,VERI-1137,19
04114,VERI-1137,1
04116,VERI-1128,19
04119,VERI-1072,1
04119,VERI-1128,2
04120,VERI-1137,1
04125,VERI-1128,19
04126,VERI-1072,1
04126,VERI-1137,1
04126,VERI-2344,1
04128,VERI-1137,10
04128,VERI-2344,9
04129,VERI-1072,1
04129,VERI-1137,10
04131,VERI-1128,19
04132,VERI-1128,19
04136,VERI-1128,19
04137,VERI-1137,1
04141,VERI-1137,1
04143,VERI-1072,1
04143,VERI-1137,1
04144,VERI-1072,1
04144,VERI-1137,1
04144,VERI-2344,1
04145,VERI-1128,19
04146,VERI-1137,1
04148,VERI-1128,19
04151,VERI-1072,1
04151,VERI-1137,1
04154,VERI-1072,1
04154,VERI-1841,3
04155,VERI-1072,1
04155,VERI-1130,2
04155,VERI-1419,1
04157,VERI-1072,1
04157,VERI-1137,1
04158,VERI-1137,1
04161,VERI-1137,19
04163,VERI-1128,19
04166,VERI-1072,1
04166,VERI-1315,2
04171,VERI-1137,16
04171,VERI-2344,3
04175,VERI-1137,1
04180,VERI-1137,1
04182,VERI-1128,19
04184,VERI-1413,1
04184,VERI-1691,15
04188,VERI-1128,15
04188,VERI-1137,4
04192,VERI-1072,1
04192,VERI-1137,2
04193,VERI-1072,1
04193,VERI-1137,15
04193,VERI-1188,1
04193,VERI-2344,1
04193,VERI-2369,1
04194,VERI-1128,19
04195,VERI-1128,12
04195,VERI-1137,7
04196,VERI-1137,1
04199,VERI-1072,1
04199,VERI-1128,18
04200,VERI-1128,19
04201,VERI-1128,19
04204,VERI-1072,1
04204,VERI-1137,7
04210,VERI-1137,12
04210,VERI-1140,5
04210,VERI-2369,2
04213,VERI-1128,19
04214,VERI-1072,1
04214,VERI-2425,1
04221,VERI-1137,1
04225,VERI-1128,12
04225,VERI-1137,7
04227,VERI-1137,1
04228,VERI-1137,7
04228,VERI-2369,12
04233,VERI-1137,19
04234,VERI-1128,19
04235,VERI-1128,19
04237,VERI-1072,1
04237,VERI-1137,11
04237,VERI-2344,5
04238,VERI-1137,1
04238,VERI-1413,1
04238,VERI-2344,1
04241,VERI-1137,1
04242,VERI-1072,1
04242,VERI-1137,2
04245,VERI-1137,1
04250,VERI-1137,1
04250,VERI-2344,1
04252,VERI-1137,1
04253,VERI-1072,1
04253,VERI-1137,2
04253,VERI-2344,1
04254,VERI-1072,1
04254,VERI-1188,2
04256,VERI-1128,17
04256,VERI-1137,1
04256,VERI-2344,1
04258,VERI-1128,19
04261,VERI-1128,19
04262,VERI-1072,1
04262,VERI-1137,3
04262,VERI-9011,1
04265,VERI-1128,19
04268,VERI-1137,1
04269,VERI-1128,17
04269,VERI-1137,1
04269,VERI-2344,1
04272,VERI-1128,19
04278,VERI-1137,1
04279,VERI-1128,19
04280,VERI-1072,1
04280,VERI-1137,2
04281,VERI-1137,1
04281,VERI-1413,1
04281,VERI-2344,1
04287,VERI-1072,1
04287,VERI-1137,2
04290,VERI-1128,13
04290,VERI-1137,5
04290,VERI-2344,1
04292,VERI-1128,19
04293,VERI-1072,1
04293,VERI-1137,2
04295,VERI-1128,19
04297,VERI-1072,1
04297,VERI-1137,2
04300,VERI-1128,15
04300,VERI-1137,4
04307,VERI-1137,1
04308,VERI-1068,3
04308,VERI-1072,1
04308,VERI-1137,3
04308,VERI-1140,3
04309,VERI-1072,1
04309,VERI-1137,6
04309,VERI-2369,3
04312,VERI-1128,19
04313,VERI-1072,1
04313,VERI-1137,1
04313,VERI-1138,1
04317,VERI-1072,1
04317,VERI-1137,4
04317,VERI-2344,3
04321,VERI-1072,1
04321,VERI-1137,1
04321,VERI-2344,1
04322,VERI-1072,1
04322,VERI-1137,1
04322,VERI-1171,12
04322,VERI-2344,1
04323,VERI-1137,1
04324,VERI-1137,1
04325,VERI-1137,14
04325,VERI-2344,5
04328,VERI-1137,10
04328,VERI-2344,9
04329,VERI-1072,1
04329,VERI-1128,15
04329,VERI-1137,1
04329,VERI-2344,1
04330,VERI-1137,1
04336,VERI-1072,1
04336,VERI-1137,8
04336,VERI-2344,1
04338,VERI-1137,1
04341,VERI-1137,1
04344,VERI-1128,15
04344,VERI-1130,1
04344,VERI-1137,1
04344,VERI-1419,1
04344,VERI-2344,1
04345,VERI-1072,1
04345,VERI-1137,1
04345,VERI-2344,1
04346,VERI-1128,19
04349,VERI-1072,1
04349,VERI-1243,6
04350,VERI-1137,18
04350,VERI-9011,1
04354,VERI-1128,19
04356,VERI-1137,1
04356,VERI-2344,1
04357,VERI-1137,1
04358,VERI-1072,1
04358,VERI-1137,2
04360,VERI-1137,1
04363,VERI-1128,19
04365,VERI-1137,1
04367,VERI-1137,1
04371,VERI-1072,1
04371,VERI-1137,2
04372,VERI-1072,1
04372,VERI-1137,1
04372,VERI-2344,1
04373,VERI-1841,19
04376,VERI-1128,19
04378,VERI-1072,1
04378,VERI-1137,1
04379,VERI-1072,1
04379,VERI-1137,6
04379,VERI-2369,1
04383,VERI-1072,1
04383,VERI-1128,1
04386,VERI-1072,1
04386,VERI-1128,8
04390,VERI-1413,1
04390,VERI-1691,18
04391,VERI-1137,11
04391,VERI-2344,5
04391,VERI-9011,3
04392,VERI-1128,19
04394,VERI-1137,3
04394,VERI-2344,2
04396,VERI-1137,1
04398,VERI-1128,19
04399,VERI-1072,1
04399,VERI-1137,1
04399,VERI-2344,1
04401,VERI-1128,19
04402,VERI-1128,19
04403,VERI-1137,18
04403,VERI-1281,1
04404,VERI-1137,13
04404,VERI-2344,6
04405,VERI-1128,18
04405,VERI-1137,1
04408,VERI-1137,4
04408,VERI-2344,2
04409,VERI-1128,17
04409,VERI-1137,1
04409,VERI-2344,1
04410,VERI-1128,19
04411,VERI-1072,1
04411,VERI-1137,1
04411,VERI-2344,1
04413,VERI-1072,1
04413,VERI-1243,2
04415,VERI-1072,1
04415,VERI-1243,1
04418,VERI-1072,1
04418,VERI-1137,5
04419,VERI-1072,1
04419,VERI-1137,1
04419,VERI-2344,1
04424,VERI-1128,19
04425,VERI-1072,1
04425,VERI-1137,6
04425,VERI-2369,2
04429,VERI-1072,1
04429,VERI-1137,5
04430,VERI-1137,1
04431,VERI-1072,1
04431,VERI-1137,2
04431,VERI-1311,1
04435,VERI-1128,4
04435,VERI-1137,11
04435,VERI-2344,4
04436,VERI-1128,19
04437,VERI-1072,1
04437,VERI-1137,1
04439,VERI-1137,1
04443,VERI-1072,1
04443,VERI-1188,2
04443,VERI-1952,1
04444,VERI-1128,19
04445,VERI-1137,1
04450,VERI-1072,1
04450,VERI-1137,1
04451,VERI-1137,1
04451,VERI-1413,1
04454,VERI-1072,1
04454,VERI-1243,1
04455,VERI-1072,1
04455,VERI-1128,17
04455,VERI-1137,1
04457,VERI-1128,19
04459,VERI-1072,1
04459,VERI-1137,16
04460,VERI-1137,7
04460,VERI-1314,10
04460,VERI-2344,1
04460,VERI-2369,1
04461,VERI-1128,19
04462,VERI-1128,19
04465,VERI-1137,1
04466,VERI-1137,7
04466,VERI-1138,1
04466,VERI-2344,4
04466,VERI-9023,1
04475,VERI-1128,19
04477,VERI-1072,1
04477,VERI-1137,4
04478,VERI-1072,1
04478,VERI-1137,8
04478,VERI-1281,1
04478,VERI-2344,1
04479,VERI-1128,19
04480,VERI-1137,11
04480,VERI-2344,8
04483,VERI-1072,1
04483,VERI-1137,1
04483,VERI-1158,2
04484,VERI-1137,2
04484,VERI-1413,2
04484,VERI-2344,2
04486,VERI-1072,1
04486,VERI-1137,4
04488,VERI-1072,1
04488,VERI-1137,2
04491,VERI-1072,1
04491,VERI-1137,1
04491,VERI-2344,1
04492,VERI-1072,1
04492,VERI-1128,8
04493,VERI-1137,1
04494,VERI-1137,13
04494,VERI-2344,6
04497,VERI-1137,1
04499,VERI-1072,1
04499,VERI-1137,1
04499,VERI-2344,1
04501,VERI-1137,1
04503,VERI-1072,1
04503,VERI-1116,1
04504,VERI-1072,2
04504,VERI-1128,2
04504,VERI-1137,4
04505,VERI-1072,1
04505,VERI-1137,2
04506,VERI-1072,1
04506,VERI-1137,15
04507,VERI-1072,1
04507,VERI-1137,1
04509,VERI-1072,1
04509,VERI-1137,2
04510,VERI-1137,19
04511,VERI-1137,1
04512,VERI-1072,1
04512,VERI-1243,1
04513,VERI-1128,19
04514,VERI-1072,1
04514,VERI-1137,7
04517,VERI-1072,1
04517,VERI-1128,16
04517,VERI-1137,2
04520,VERI-1072,1
04520,VERI-1128,18
04522,VERI-1072,1
04522,VERI-1137,1
04522,VERI-1140,1
04522,VERI-2344,1
04523,VERI-1120,5
04523,VERI-1128,12
04523,VERI-1137,2
04525,VERI-1137,1
04526,VERI-1072,1
04526,VERI-1137,4
04528,VERI-1128,19
04529,VERI-1116,5
04529,VERI-1137,8
04529,VERI-2344,6
04530,VERI-1072,1
04530,VERI-1137,9
04533,VERI-1128,19
04536,VERI-1137,19
04538,VERI-1072,1
04538,VERI-1137,3
04541,VERI-1072,1
04541,VERI-1137,8
04541,VERI-2344,1
04542,VERI-1072,1
04542,VERI-1137,5
04543,VERI-1128,19
04544,VERI-1072,1
04544,VERI-1137,1
04544,VERI-2344,1
04545,VERI-1072,1
04545,VERI-1137,3
04545,VERI-1281,1
04545,VERI-2344,2
04548,VERI-1137,1
04549,VERI-1128,19
04550,VERI-1128,17
04550,VERI-1137,1
04550,VERI-2344,1
04555,VERI-1072,1
04555,VERI-1137,18
04557,VERI-1072,1
04557,VERI-1137,2
04558,VERI-1321,9
04558,VERI-1586,10
04561,VERI-1072,1
04561,VERI-1137,4
04563,VERI-1137,2
04564,VERI-1128,19
04567,VERI-1072,1
04567,VERI-1137,6
04567,VERI-2369,2
04569,VERI-1072,1
04569,VERI-1976,2
04570,VERI-1072,1
04570,VERI-1137,9
04570,VERI-2344,7
04572,VERI-1072,1
04572,VERI-1137,3
04572,VERI-2344,2
04573,VERI-1128,19
04574,VERI-1137,1
04578,VERI-1137,1
04579,VERI-1072,1
04579,VERI-1137,1
04584,VERI-1137,1
04586,VERI-1128,19
04587,VERI-1128,17
04587,VERI-1137,1
04587,VERI-2344,1
04588,VERI-1072,1
04588,VERI-1137,1
04589,VERI-1128,19
04591,VERI-1137,1
04595,VERI-1128,19
04597,VERI-1128,19
04599,VERI-1072,1
04599,VERI-1137,2
04603,VERI-1128,19
04604,VERI-1072,1
04604,VERI-1137,1
04605,VERI-1137,1
04606,VERI-1137,1
04608,VERI-1072,1
04608,VERI-1137,2
04609,VERI-1137,1
04610,VERI-1072,1
04610,VERI-1137,16
04611,VERI-1072,1
04611,VERI-1128,1
04611,VERI-1137,10
04611,VERI-2344,2
04613,VERI-1137,3
04615,VERI-1128,15
04615,VERI-1137,4
04620,VERI-1137,1
04621,VERI-1072,1
04621,VERI-1137,5
04627,VERI-1128,19
04628,VERI-1137,1
04629,VERI-1072,1
04629,VERI-1137,1
04630,VERI-1072,1
04630,VERI-1128,1
04631,VERI-1137,1
04632,VERI-1072,1
04632,VERI-1137,2
04633,VERI-1137,1
04633,VERI-2344,1
04634,VERI-1128,19
04635,VERI-1128,19
04639,VERI-1128,17
04639,VERI-1137,2
04640,VERI-1137,1
04641,VERI-1072,1
04641,VERI-1137,1
04641,VERI-2344,1
04642,VERI-1128,19
04643,VERI-1137,1
04649,VERI-1137,14
04649,VERI-2344,5
04652,VERI-1137,1
04654,VERI-1137,19
04655,VERI-1128,19
04657,VERI-1072,1
04657,VERI-1137,1
04657,VERI-2344,1
04659,VERI-1072,1
04659,VERI-1137,2
04659,VERI-2369,1
04660,VERI-1128,19
04662,VERI-1137,19
04663,VERI-1072,1
04663,VERI-1128,1
04663,VERI-1137,2
04663,VERI-2344,1
04665,VERI-1137,1
04666,VERI-1128,19
04668,VERI-1072,1
04668,VERI-1137,9
04668,VERI-2344,1
04669,VERI-1137,1
04670,VERI-1072,5
04670,VERI-1321,1
04671,VERI-1128,19
04672,VERI-1072,1
04672,VERI-1137,2
04673,VERI-1072,1
04673,VERI-1137,1
04673,VERI-2344,1
04675,VERI-1072,1
04675,VERI-1137,9
04675,VERI-2344,1
04675,VERI-2369,1
04678,VERI-1072,1
04678,VERI-1188,3
04678,VERI-1952,3
04681,VERI-1072,1
04681,VERI-1128,1
04682,VERI-1137,17
04682,VERI-2344,2
04684,VERI-1072,3
04684,VERI-1137,8
04693,VERI-1137,1
04697,VERI-1128,19
04698,VERI-1072,1
04698,VERI-1137,1
04698,VERI-2344,1
04700,VERI-1072,1
04700,VERI-1137,10
04700,VERI-2344,2
04700,VERI-2369,1
04703,VERI-1072,2
04703,VERI-1137,2
04704,VERI-1137,1
04709,VERI-1128,19
04710,VERI-1072,1
04710,VERI-1137,1
04720,VERI-1137,19
04721,VERI-1128,19
04724,VERI-1137,19
04727,VERI-1137,1
04730,VERI-1137,1
04731,VERI-1128,19
04732,VERI-1072,1
04732,VERI-1137,1
04732,VERI-2344,1
04733,VERI-1137,18
04733,VERI-2344,1
04736,VERI-1072,1
04736,VERI-1137,1
04738,VERI-1137,1
04740,VERI-1072,1
04740,VERI-1137,1
04740,VERI-2344,1
04741,VERI-1072,1
04741,VERI-1137,1
04741,VERI-2344,1
04742,VERI-1128,19
04743,VERI-1128,19
04746,VERI-1072,1
04746,VERI-1137,2
04749,VERI-1137,1
04750,VERI-1137,1
04751,VERI-1137,1
04752,VERI-1072,1
04752,VERI-1128,4
04753,VERI-1137,19
04756,VERI-1137,19
04758,VERI-1128,13
04758,VERI-1137,6
04766,VERI-1128,19
04767,VERI-1128,13
04767,VERI-1137,6
04770,VERI-1072,1
04770,VERI-1128,2
04770,VERI-1137,4
04770,VERI-2344,1
04772,VERI-1137,1
04778,VERI-1137,1
04778,VERI-1413,1
04778,VERI-1691,8
04778,VERI-2344,1
04780,VERI-1072,1
04780,VERI-1137,2
04781,VERI-1128,17
04781,VERI-1137,1
04781,VERI-2344,1
04783,VERI-1128,19
04786,VERI-1128,19
04787,VERI-1128,19
04789,VERI-1137,1
04790,VERI-1128,15
04790,VERI-1137,4
04791,VERI-1072,1
04791,VERI-1137,1
04791,VERI-2344,1
04793,VERI-1072,1
04793,VERI-1137,12
04793,VERI-1140,4
04794,VERI-1072,1
04794,VERI-1137,2
04794,VERI-2369,1
04795,VERI-1137,1
04796,VERI-1128,19
04797,VERI-1072,1
04797,VERI-1120,1
04797,VERI-1137,12
04797,VERI-2344,1
04801,VERI-1137,1
04801,VERI-2344,1
04804,VERI-1128,17
04804,VERI-1137,1
04804,VERI-2344,1
