id,status
00000,fail
00001,ok
00002,ok
00003,ok
00004,ok
00005,fail
00006,fail
00007,fail
00008,ok
00009,ok
00010,fail
00011,fail
00012,fail
00013,fail
00014,ok
00015,ok
00016,fail
00017,fail
00018,fail
00019,ok
00020,ok
00021,fail
00022,ok
00023,ok
00024,fail
00025,fail
00026,fail
00027,ok
00028,fail
00029,ok
00030,fail
00031,ok
00032,ok
00033,ok
00034,ok
00035,ok
00036,ok
00037,ok
00038,ok
00039,fail
00040,ok
00041,fail
00042,ok
00043,fail
00044,fail
00045,ok
00046,ok
00047,ok
00048,fail
00049,ok
00050,ok
00051,ok
00052,ok
00053,ok
00054,ok
00055,fail
00056,ok
00057,ok
00058,fail
00059,fail
00060,ok
00061,ok
00062,ok
00063,ok
00064,ok
00065,fail
00066,ok
00067,fail
00068,ok
00069,ok
00070,fail
00071,ok
00072,ok
00073,ok
00074,ok
00075,fail
00076,fail
00077,fail
00078,ok
00079,ok
00080,ok
00081,ok
00082,fail
00083,fail
00084,ok
00085,ok
00086,fail
00087,ok
00088,fail
00089,ok
00090,fail
00091,fail
00092,fail
00093,ok
00094,ok
00095,fail
00096,fail
00097,fail
00098,fail
00099,ok
00100,fail
00101,ok
00102,fail
00103,fail
00104,ok
00105,fail
00106,fail
00107,fail
00108,fail
00109,fail
00110,fail
00111,ok
00112,ok
00113,fail
00114,fail
00115,ok
00116,ok
00117,ok
00118,fail
00119,fail
00120,fail
00121,ok
00122,ok
00123,fail
00124,fail
00125,ok
00126,ok
00127,ok
00128,ok
00129,ok
00130,fail
00131,fail
00132,ok
00133,ok
00134,ok
00135,fail
00136,ok
00137,ok
00138,ok
00139,ok
00140,fail
00141,ok
00142,ok
00143,fail
00144,fail
00145,fail
00146,ok
00147,ok
00148,fail
00149,fail
00150,fail
00151,ok
00152,ok
00153,ok
00154,ok
00155,ok
00156,fail
00157,ok
00158,ok
00159,ok
00160,ok
00161,ok
00162,ok
00163,ok
00164,ok
00165,ok
00166,fail
00167,fail
00168,ok
00169,ok
00170,ok
00171,fail
00172,fail
00173,ok
00174,ok
00175,ok
00176,ok
00177,ok
00178,ok
00179,fail
00180,fail
00181,ok
00182,ok
00183,fail
00184,fail
00185,ok
00186,fail
00187,ok
00188,ok
00189,ok
00190,fail
00191,fail
00192,ok
00193,fail
00194,fail
00195,ok
00196,fail
00197,fail
00198,fail
00199,fail
00200,ok
00201,fail
00202,ok
00203,fail
00204,ok
00205,fail
00206,ok
00207,fail
00208,ok
00209,ok
00210,ok
00211,ok
00212,fail
00213,fail
00214,ok
00215,ok
00216,ok
00217,fail
00218,fail
00219,ok
00220,fail
00221,ok
00222,fail
00223,ok
00224,fail
00225,fail
00226,fail
00227,fail
00228,ok
00229,ok
00230,fail
00231,fail
00232,fail
00233,fail
00234,ok
00235,fail
00236,fail
00237,fail
00238,ok
00239,fail
00240,fail
00241,ok
00242,fail
00243,fail
00244,ok
00245,ok
00246,ok
00247,fail
00248,fail
00249,fail
00250,fail
00251,fail
00252,fail
00253,fail
00254,ok
00255,ok
00256,fail
00257,fail
00258,ok
00259,ok
00260,fail
00261,fail
00262,ok
00263,ok
00264,fail
00265,ok
00266,fail
00267,ok
00268,ok
00269,fail
00270,fail
00271,fail
00272,fail
00273,ok
00274,fail
00275,fail
00276,ok
00277,ok
00278,ok
00279,fail
00280,fail
00281,ok
00282,fail
00283,fail
00284,fail
00285,ok
00286,fail
00287,ok
00288,fail
00289,ok
00290,fail
00291,ok
00292,fail
00293,fail
00294,fail
00295,fail
00296,ok
00297,fail
00298,ok
00299,ok
00300,ok
00301,fail
00302,ok
00303,ok
00304,ok
00305,ok
00306,ok
00307,fail
00308,ok
00309,ok
00310,ok
00311,fail
00312,fail
00313,ok
00314,fail
00315,fail
00316,ok
00317,ok
00318,ok
00319,ok
00320,fail
00321,fail
00322,ok
00323,fail
00324,fail
00325,ok
00326,ok
00327,ok
00328,fail
00329,fail
00330,ok
00331,ok
00332,fail
00333,ok
00334,ok
00335,ok
00336,ok
00337,fail
00338,fail
00339,fail
00340,ok
00341,fail
00342,fail
00343,ok
00344,fail
00345,ok
00346,fail
00347,ok
00348,fail
00349,fail
00350,ok
00351,ok
00352,ok
00353,fail
00354,fail
00355,fail
00356,fail
00357,ok
00358,fail
00359,fail
00360,ok
00361,ok
00362,ok
00363,ok
00364,ok
00365,fail
00366,fail
00367,fail
00368,fail
00369,ok
00370,fail
00371,ok
00372,fail
00373,ok
00374,ok
00375,ok
00376,ok
00377,ok
00378,fail
00379,ok
00380,ok
00381,fail
00382,ok
00383,fail
00384,ok
00385,fail
00386,fail
00387,fail
00388,ok
00389,fail
00390,fail
00391,fail
00392,fail
00393,ok
00394,fail
00395,ok
00396,ok
00397,ok
00398,fail
00399,fail
00400,ok
00401,ok
00402,fail
00403,ok
00404,ok
00405,ok
00406,fail
00407,fail
00408,fail
00409,ok
00410,fail
00411,fail
00412,fail
00413,ok
00414,fail
00415,fail
00416,ok
00417,ok
00418,fail
00419,ok
00420,fail
00421,ok
00422,ok
00423,fail
00424,fail
00425,fail
00426,ok
00427,ok
00428,fail
00429,fail
00430,ok
00431,ok
00432,ok
00433,ok
00434,fail
00435,fail
00436,ok
00437,ok
00438,ok
00439,fail
00440,ok
00441,fail
00442,ok
00443,ok
00444,fail
00445,ok
00446,fail
00447,fail
00448,ok
00449,ok
00450,fail
00451,fail
00452,ok
00453,ok
00454,fail
00455,ok
00456,fail
00457,fail
00458,ok
00459,ok
00460,fail
00461,ok
00462,ok
00463,fail
00464,fail
00465,ok
00466,ok
00467,ok
00468,fail
00469,ok
00470,fail
00471,fail
00472,ok
00473,ok
00474,ok
00475,ok
00476,ok
00477,fail
00478,ok
00479,fail
00480,fail
00481,ok
00482,ok
00483,ok
00484,fail
00485,fail
00486,ok
00487,ok
00488,ok
00489,ok
00490,ok
00491,ok
00492,ok
00493,ok
00494,ok
00495,ok
00496,ok
00497,fail
00498,ok
00499,fail
00500,ok
00501,ok
00502,ok
00503,fail
00504,ok
00505,fail
00506,fail
00507,ok
00508,ok
00509,ok
00510,ok
00511,fail
00512,fail
00513,ok
00514,fail
00515,fail
00516,ok
00517,fail
00518,fail
00519,fail
00520,ok
00521,fail
00522,ok
00523,fail
00524,fail
00525,ok
00526,ok
00527,ok
00528,fail
00529,ok
00530,ok
00531,ok
00532,fail
00533,ok
00534,ok
00535,ok
00536,ok
00537,fail
00538,ok
00539,ok
00540,ok
00541,ok
00542,ok
00543,fail
00544,ok
00545,fail
00546,fail
00547,fail
00548,fail
00549,fail
00550,ok
00551,fail
00552,ok
00553,fail
00554,ok
00555,ok
00556,fail
00557,fail
00558,fail
00559,fail
00560,ok
00561,ok
00562,ok
00563,ok
00564,fail
00565,fail
00566,ok
00567,fail
00568,ok
00569,ok
00570,ok
00571,fail
00572,fail
00573,ok
00574,fail
00575,ok
00576,ok
00577,fail
00578,fail
00579,ok
00580,ok
00581,fail
00582,ok
00583,fail
00584,ok
00585,fail
00586,fail
00587,ok
00588,ok
00589,ok
00590,fail
00591,ok
00592,fail
00593,ok
00594,ok
00595,ok
00596,fail
00597,ok
00598,ok
00599,ok
00600,fail
00601,fail
00602,ok
00603,fail
00604,ok
00605,ok
00606,ok
00607,ok
00608,ok
00609,ok
00610,ok
00611,fail
00612,ok
00613,ok
00614,fail
00615,fail
00616,ok
00617,fail
00618,fail
00619,fail
00620,ok
00621,fail
00622,fail
00623,ok
00624,ok
00625,fail
00626,fail
00627,ok
00628,ok
00629,ok
00630,ok
00631,fail
00632,fail
00633,ok
00634,ok
00635,ok
00636,fail
00637,ok
00638,ok
00639,fail
00640,ok
00641,ok
00642,fail
00643,fail
00644,fail
00645,ok
00646,ok
00647,fail
00648,ok
00649,fail
00650,fail
00651,fail
00652,ok
00653,ok
00654,ok
00655,fail
00656,fail
00657,ok
00658,fail
00659,fail
00660,ok
00661,ok
00662,fail
00663,fail
00664,fail
00665,ok
00666,ok
00667,fail
00668,fail
00669,ok
00670,ok
00671,fail
00672,ok
00673,fail
00674,fail
00675,fail
00676,ok
00677,ok
00678,ok
00679,fail
00680,ok
00681,fail
00682,ok
00683,ok
00684,ok
00685,ok
00686,fail
00687,fail
00688,ok
00689,fail
00690,fail
00691,ok
00692,ok
00693,ok
00694,ok
00695,ok
00696,fail
00697,fail
00698,fail
00699,fail
00700,fail
00701,fail
00702,ok
00703,fail
00704,fail
00705,ok
00706,ok
00707,fail
00708,ok
00709,fail
00710,fail
00711,ok
00712,ok
00713,ok
00714,ok
00715,fail
00716,ok
00717,ok
00718,ok
00719,fail
00720,ok
00721,ok
00722,ok
00723,ok
00724,fail
00725,fail
00726,fail
00727,ok
00728,ok
00729,ok
00730,fail
00731,ok
00732,ok
00733,fail
00734,fail
00735,fail
00736,ok
00737,fail
00738,ok
00739,ok
00740,fail
00741,ok
00742,fail
00743,fail
00744,fail
00745,ok
00746,fail
00747,ok
00748,ok
00749,fail
00750,ok
00751,fail
00752,fail
00753,fail
00754,ok
00755,ok
00756,ok
00757,ok
00758,fail
00759,ok
00760,ok
00761,fail
00762,ok
00763,fail
00764,ok
00765,ok
00766,ok
00767,fail
00768,ok
00769,ok
00770,fail
00771,ok
00772,ok
00773,fail
00774,ok
00775,ok
00776,fail
00777,ok
00778,ok
00779,fail
00780,fail
00781,fail
00782,fail
00783,fail
00784,fail
00785,ok
00786,ok
00787,fail
00788,ok
00789,ok
00790,ok
00791,ok
00792,fail
00793,ok
00794,ok
00795,ok
00796,fail
00797,fail
00798,ok
00799,ok
00800,ok
00801,fail
00802,fail
00803,ok
00804,ok
00805,ok
00806,ok
00807,ok
00808,ok
00809,ok
00810,fail
00811,ok
00812,fail
00813,ok
00814,ok
00815,fail
00816,ok
00817,fail
00818,ok
00819,ok
00820,ok
00821,ok
00822,fail
00823,ok
00824,ok
00825,ok
00826,ok
00827,fail
00828,ok
00829,fail
00830,fail
00831,ok
00832,ok
00833,fail
00834,fail
00835,ok
00836,fail
00837,fail
00838,ok
00839,ok
00840,ok
00841,fail
00842,ok
00843,ok
00844,fail
00845,ok
00846,ok
00847,fail
00848,ok
00849,ok
00850,ok
00851,fail
00852,ok
00853,fail
00854,fail
00855,ok
00856,ok
00857,fail
00858,fail
00859,ok
00860,ok
00861,ok
00862,ok
00863,ok
00864,fail
00865,ok
00866,ok
00867,ok
00868,ok
00869,fail
00870,fail
00871,fail
00872,ok
00873,fail
00874,ok
00875,fail
00876,fail
00877,ok
00878,fail
00879,ok
00880,ok
00881,ok
00882,fail
00883,fail
00884,ok
00885,fail
00886,fail
00887,ok
00888,fail
00889,ok
00890,fail
00891,fail
00892,ok
00893,fail
00894,fail
00895,ok
00896,fail
00897,ok
00898,ok
00899,ok
00900,ok
00901,ok
00902,fail
00903,fail
00904,fail
00905,ok
00906,fail
00907,ok
00908,fail
00909,fail
00910,fail
00911,ok
00912,fail
00913,ok
00914,ok
00915,ok
00916,ok
00917,fail
00918,fail
00919,ok
00920,ok
00921,ok
00922,ok
00923,ok
00924,fail
00925,ok
00926,fail
00927,fail
00928,fail
00929,ok
00930,fail
00931,fail
00932,fail
00933,fail
00934,fail
00935,ok
00936,fail
00937,fail
00938,fail
00939,fail
00940,fail
00941,fail
00942,ok
00943,ok
00944,fail
00945,fail
00946,ok
00947,fail
00948,ok
00949,fail
00950,fail
00951,ok
00952,ok
00953,fail
00954,fail
00955,ok
00956,fail
00957,fail
00958,ok
00959,fail
00960,fail
00961,fail
00962,fail
00963,fail
00964,ok
00965,fail
00966,ok
00967,fail
00968,ok
00969,ok
00970,ok
00971,fail
00972,ok
00973,ok
00974,ok
00975,ok
00976,ok
00977,ok
00978,ok
00979,ok
00980,fail
00981,ok
00982,fail
00983,ok
00984,ok
00985,ok
00986,ok
00987,ok
00988,ok
00989,fail
00990,ok
00991,ok
00992,ok
00993,ok
00994,ok
00995,fail
00996,ok
00997,ok
00998,ok
00999,fail
01000,ok
01001,ok
01002,fail
01003,ok
01004,fail
01005,ok
01006,ok
01007,fail
01008,ok
01009,ok
01010,fail
01011,fail
01012,ok
01013,ok
01014,fail
01015,fail
01016,fail
01017,fail
01018,ok
01019,fail
01020,ok
01021,ok
01022,fail
01023,ok
01024,ok
01025,fail
01026,fail
01027,ok
01028,ok
01029,fail
01030,ok
01031,fail
01032,ok
01033,fail
01034,ok
01035,ok
01036,ok
01037,fail
01038,fail
01039,fail
01040,fail
01041,ok
01042,fail
01043,ok
01044,ok
01045,ok
01046,ok
01047,ok
01048,fail
01049,fail
01050,ok
01051,ok
01052,ok
01053,fail
01054,ok
01055,fail
01056,ok
01057,ok
01058,ok
01059,fail
01060,ok
01061,ok
01062,fail
01063,fail
01064,fail
01065,fail
01066,fail
01067,ok
01068,ok
01069,fail
01070,fail
01071,ok
01072,fail
01073,fail
01074,ok
01075,fail
01076,ok
01077,ok
01078,fail
01079,fail
01080,ok
01081,ok
01082,fail
01083,ok
01084,fail
01085,fail
01086,fail
01087,fail
01088,ok
01089,ok
01090,ok
01091,fail
01092,ok
01093,ok
01094,fail
01095,ok
01096,fail
01097,ok
01098,ok
01099,fail
01100,fail
01101,fail
01102,fail
01103,ok
01104,fail
01105,fail
01106,ok
01107,ok
01108,fail
01109,ok
01110,ok
01111,fail
01112,fail
01113,ok
01114,fail
01115,fail
01116,ok
01117,fail
01118,ok
01119,fail
01120,fail
01121,fail
01122,fail
01123,ok
01124,fail
01125,ok
01126,fail
01127,ok
01128,fail
01129,ok
01130,fail
01131,ok
01132,fail
01133,fail
01134,ok
01135,ok
01136,ok
01137,fail
01138,ok
01139,fail
01140,fail
01141,ok
01142,ok
01143,ok
01144,fail
01145,fail
01146,ok
01147,ok
01148,ok
01149,ok
01150,ok
01151,ok
01152,fail
01153,ok
01154,ok
01155,ok
01156,fail
01157,ok
01158,ok
01159,fail
01160,fail
01161,fail
01162,ok
01163,ok
01164,ok
01165,ok
01166,ok
01167,ok
01168,ok
01169,ok
01170,fail
01171,ok
01172,fail
01173,ok
01174,fail
01175,ok
01176,ok
01177,ok
01178,ok
01179,fail
01180,ok
01181,ok
01182,ok
01183,ok
01184,ok
01185,ok
01186,ok
01187,fail
01188,fail
01189,fail
01190,fail
01191,ok
01192,fail
01193,fail
01194,ok
01195,ok
01196,fail
01197,fail
01198,ok
01199,ok
01200,fail
01201,ok
01202,fail
01203,ok
01204,ok
01205,ok
01206,ok
01207,ok
01208,fail
01209,ok
01210,ok
01211,ok
01212,fail
01213,fail
01214,ok
01215,fail
01216,fail
01217,fail
01218,fail
01219,ok
01220,ok
01221,fail
01222,ok
01223,fail
01224,ok
01225,fail
01226,ok
01227,fail
01228,ok
01229,ok
01230,fail
01231,ok
01232,fail
01233,fail
01234,ok
01235,ok
01236,ok
01237,ok
01238,ok
01239,fail
01240,fail
01241,fail
01242,fail
01243,ok
01244,ok
01245,ok
01246,fail
01247,ok
01248,fail
01249,ok
01250,fail
01251,ok
01252,ok
01253,ok
01254,ok
01255,ok
01256,ok
01257,fail
01258,ok
01259,fail
01260,ok
01261,ok
01262,fail
01263,fail
01264,ok
01265,ok
01266,ok
01267,ok
01268,ok
01269,ok
01270,ok
01271,fail
01272,ok
01273,fail
01274,ok
01275,ok
01276,fail
01277,fail
01278,fail
01279,fail
01280,fail
01281,ok
01282,ok
01283,ok
01284,ok
01285,fail
01286,fail
01287,fail
01288,ok
01289,ok
01290,ok
01291,fail
01292,ok
01293,fail
01294,ok
01295,fail
01296,fail
01297,ok
01298,fail
01299,fail
01300,ok
01301,ok
01302,fail
01303,ok
01304,fail
01305,fail
01306,ok
01307,fail
01308,ok
01309,ok
01310,fail
01311,fail
01312,fail
01313,ok
01314,fail
01315,fail
01316,fail
01317,ok
01318,ok
01319,fail
01320,fail
01321,ok
01322,fail
01323,fail
01324,ok
01325,fail
01326,fail
01327,fail
01328,fail
01329,fail
01330,ok
01331,fail
01332,ok
01333,fail
01334,fail
01335,fail
01336,fail
01337,fail
01338,fail
01339,fail
01340,ok
01341,fail
01342,fail
01343,ok
01344,fail
01345,fail
01346,ok
01347,ok
01348,ok
01349,fail
01350,fail
01351,fail
01352,ok
01353,fail
01354,ok
01355,fail
01356,fail
01357,fail
01358,ok
01359,ok
01360,fail
01361,ok
01362,ok
01363,ok
01364,fail
01365,ok
01366,fail
01367,fail
01368,ok
01369,ok
01370,fail
01371,fail
01372,ok
01373,ok
01374,fail
01375,fail
01376,fail
01377,fail
01378,ok
01379,ok
01380,fail
01381,ok
01382,ok
01383,ok
01384,ok
01385,fail
01386,ok
01387,ok
01388,ok
01389,fail
01390,ok
01391,fail
01392,ok
01393,ok
01394,ok
01395,fail
01396,ok
01397,fail
01398,ok
01399,fail
01400,ok
01401,ok
01402,fail
01403,fail
01404,ok
01405,fail
01406,ok
01407,ok
01408,ok
01409,fail
01410,fail
01411,ok
01412,ok
01413,fail
01414,ok
01415,ok
01416,ok
01417,fail
01418,ok
01419,fail
01420,ok
01421,fail
01422,fail
01423,ok
01424,ok
01425,fail
01426,fail
01427,fail
01428,fail
01429,fail
01430,ok
01431,ok
01432,ok
01433,ok
01434,ok
01435,fail
01436,fail
01437,fail
01438,fail
01439,ok
01440,fail
01441,fail
01442,ok
01443,fail
01444,fail
01445,fail
01446,ok
01447,fail
01448,fail
01449,fail
01450,fail
01451,ok
01452,ok
01453,ok
01454,ok
01455,ok
01456,ok
01457,ok
01458,ok
01459,ok
01460,ok
01461,fail
01462,fail
01463,ok
01464,fail
01465,fail
01466,ok
01467,fail
01468,ok
01469,ok
01470,fail
01471,ok
01472,ok
01473,fail
01474,ok
01475,fail
01476,ok
01477,fail
01478,fail
01479,ok
01480,ok
01481,ok
01482,ok
01483,ok
01484,ok
01485,fail
01486,fail
01487,fail
01488,fail
01489,ok
01490,ok
01491,ok
01492,ok
01493,fail
01494,fail
01495,ok
01496,ok
01497,ok
01498,fail
01499,fail
01500,ok
01501,fail
01502,fail
01503,ok
01504,ok
01505,ok
01506,fail
01507,fail
01508,fail
01509,fail
01510,ok
01511,fail
01512,ok
01513,ok
01514,fail
01515,fail
01516,ok
01517,ok
01518,ok
01519,ok
01520,ok
01521,ok
01522,ok
01523,fail
01524,ok
01525,ok
01526,fail
01527,fail
01528,fail
01529,ok
01530,fail
01531,ok
01532,fail
01533,fail
01534,fail
01535,fail
01536,ok
01537,fail
01538,fail
01539,fail
01540,ok
01541,ok
01542,ok
01543,fail
01544,ok
01545,fail
01546,fail
01547,fail
01548,fail
01549,ok
01550,ok
01551,ok
01552,fail
01553,fail
01554,ok
01555,fail
01556,ok
01557,fail
01558,fail
01559,ok
01560,fail
01561,fail
01562,fail
01563,fail
01564,ok
01565,ok
01566,ok
01567,fail
01568,fail
01569,fail
01570,fail
01571,ok
01572,fail
01573,fail
01574,ok
01575,ok
01576,fail
01577,ok
01578,fail
01579,fail
01580,fail
01581,fail
01582,fail
01583,fail
01584,ok
01585,fail
01586,ok
01587,fail
01588,fail
01589,ok
01590,ok
01591,fail
01592,ok
01593,ok
01594,fail
01595,ok
01596,fail
01597,fail
01598,ok
01599,ok
01600,ok
01601,fail
01602,ok
01603,fail
01604,fail
01605,ok
01606,ok
01607,ok
01608,ok
01609,fail
01610,ok
01611,ok
01612,ok
01613,ok
01614,ok
01615,fail
01616,fail
01617,fail
01618,fail
01619,ok
01620,ok
01621,ok
01622,ok
01623,fail
01624,ok
01625,fail
01626,fail
01627,ok
01628,fail
01629,fail
01630,ok
01631,fail
01632,ok
01633,fail
01634,fail
01635,fail
01636,ok
01637,ok
01638,ok
01639,ok
01640,ok
01641,fail
01642,ok
01643,fail
01644,ok
01645,fail
01646,fail
01647,ok
01648,ok
01649,fail
01650,ok
01651,ok
01652,ok
01653,fail
01654,ok
01655,fail
01656,ok
01657,ok
01658,fail
01659,ok
01660,ok
01661,fail
01662,fail
01663,fail
01664,fail
01665,fail
01666,fail
01667,fail
01668,fail
01669,fail
01670,fail
01671,fail
01672,ok
01673,fail
01674,ok
01675,ok
01676,fail
01677,fail
01678,ok
01679,ok
01680,ok
01681,fail
01682,fail
01683,ok
01684,fail
01685,fail
01686,fail
01687,fail
01688,ok
01689,fail
01690,fail
01691,ok
01692,ok
01693,ok
01694,fail
01695,ok
01696,fail
01697,ok
01698,fail
01699,ok
01700,fail
01701,fail
01702,ok
01703,ok
01704,ok
01705,ok
01706,fail
01707,fail
01708,ok
01709,ok
01710,ok
01711,ok
01712,ok
01713,fail
01714,fail
01715,fail
01716,fail
01717,fail
01718,fail
01719,fail
01720,fail
01721,fail
01722,fail
01723,fail
01724,fail
01725,ok
01726,fail
01727,ok
01728,fail
01729,fail
01730,fail
01731,ok
01732,fail
01733,ok
01734,fail
01735,ok
01736,fail
01737,fail
01738,fail
01739,ok
01740,fail
01741,fail
01742,fail
01743,ok
01744,fail
01745,ok
01746,fail
01747,fail
01748,fail
01749,ok
01750,fail
01751,ok
01752,ok
01753,ok
01754,ok
01755,fail
01756,ok
01757,ok
01758,ok
01759,ok
01760,fail
01761,ok
01762,fail
01763,fail
01764,ok
01765,ok
01766,ok
01767,ok
01768,fail
01769,fail
01770,fail
01771,ok
01772,ok
01773,fail
01774,fail
01775,fail
01776,fail
01777,fail
01778,ok
01779,ok
01780,fail
01781,ok
01782,ok
01783,ok
01784,fail
01785,fail
01786,fail
01787,fail
01788,ok
01789,ok
01790,ok
01791,ok
01792,fail
01793,fail
01794,ok
01795,ok
01796,ok
01797,fail
01798,ok
01799,ok
01800,fail
01801,fail
01802,ok
01803,fail
01804,fail
01805,fail
01806,fail
01807,ok
01808,ok
01809,ok
01810,ok
01811,fail
01812,fail
01813,fail
01814,ok
01815,ok
01816,ok
01817,fail
01818,fail
01819,ok
01820,ok
01821,fail
01822,ok
01823,fail
01824,fail
01825,ok
01826,ok
01827,fail
01828,ok
01829,ok
01830,ok
01831,fail
01832,ok
01833,ok
01834,fail
01835,fail
01836,fail
01837,fail
01838,fail
01839,fail
01840,ok
01841,fail
01842,ok
01843,fail
01844,ok
01845,ok
01846,fail
01847,fail
01848,fail
01849,fail
01850,fail
01851,ok
01852,fail
01853,ok
01854,ok
01855,ok
01856,fail
01857,ok
01858,ok
01859,ok
01860,ok
01861,ok
01862,fail
01863,fail
01864,fail
01865,fail
01866,ok
01867,fail
01868,ok
01869,ok
01870,fail
01871,ok
01872,ok
01873,fail
01874,ok
01875,fail
01876,fail
01877,fail
01878,fail
01879,fail
01880,ok
01881,ok
01882,ok
01883,ok
01884,fail
01885,fail
01886,fail
01887,fail
01888,ok
01889,ok
01890,ok
01891,fail
01892,fail
01893,ok
01894,fail
01895,fail
01896,ok
01897,ok
01898,fail
01899,ok
01900,fail
01901,fail
01902,fail
01903,fail
01904,ok
01905,fail
01906,ok
01907,fail
01908,ok
01909,fail
01910,fail
01911,fail
01912,fail
01913,ok
01914,ok
01915,fail
01916,ok
01917,fail
01918,fail
01919,fail
01920,fail
01921,ok
01922,fail
01923,ok
01924,ok
01925,ok
01926,fail
01927,ok
01928,ok
01929,ok
01930,fail
01931,fail
01932,fail
01933,ok
01934,ok
01935,ok
01936,ok
01937,fail
01938,ok
01939,fail
01940,ok
01941,ok
01942,ok
01943,ok
01944,ok
01945,ok
01946,fail
01947,ok
01948,fail
01949,ok
01950,fail
01951,ok
01952,ok
01953,fail
01954,ok
01955,ok
01956,fail
01957,fail
01958,ok
01959,fail
01960,fail
01961,ok
01962,ok
01963,fail
01964,fail
01965,fail
01966,fail
01967,ok
01968,fail
01969,ok
01970,ok
01971,fail
01972,fail
01973,fail
01974,fail
01975,ok
01976,fail
01977,ok
01978,ok
01979,ok
01980,ok
01981,ok
01982,ok
01983,fail
01984,fail
01985,ok
01986,fail
01987,ok
01988,fail
01989,fail
01990,ok
01991,fail
01992,ok
01993,ok
01994,fail
01995,ok
01996,fail
01997,fail
01998,fail
01999,fail
02000,fail
02001,ok
02002,ok
02003,fail
02004,ok
02005,ok
02006,ok
02007,ok
02008,fail
02009,fail
02010,fail
02011,ok
02012,fail
02013,ok
02014,ok
02015,fail
02016,fail
02017,fail
02018,fail
02019,ok
02020,ok
02021,fail
02022,fail
02023,fail
02024,ok
02025,fail
02026,ok
02027,ok
02028,ok
02029,ok
02030,ok
02031,ok
02032,fail
02033,ok
02034,fail
02035,fail
02036,fail
02037,fail
02038,fail
02039,ok
02040,fail
02041,fail
02042,fail
02043,ok
02044,fail
02045,fail
02046,fail
02047,ok
02048,fail
02049,ok
02050,ok
02051,fail
02052,ok
02053,ok
02054,fail
02055,fail
02056,ok
02057,ok
02058,ok
02059,ok
02060,fail
02061,fail
02062,ok
02063,ok
02064,fail
02065,ok
02066,ok
02067,fail
02068,fail
02069,fail
02070,ok
02071,ok
02072,ok
02073,ok
02074,ok
02075,ok
02076,ok
02077,ok
02078,fail
02079,ok
02080,ok
02081,fail
02082,fail
02083,fail
02084,fail
02085,ok
02086,ok
02087,ok
02088,fail
02089,fail
02090,ok
02091,fail
02092,ok
02093,ok
02094,fail
02095,fail
02096,fail
02097,fail
02098,ok
02099,ok
02100,fail
02101,ok
02102,ok
02103,fail
02104,fail
02105,fail
02106,fail
02107,ok
02108,fail
02109,fail
02110,ok
02111,fail
02112,fail
02113,ok
02114,ok
02115,ok
02116,fail
02117,fail
02118,ok
02119,fail
02120,fail
02121,ok
02122,fail
02123,fail
02124,ok
02125,ok
02126,fail
02127,ok
02128,ok
02129,ok
02130,fail
02131,ok
02132,ok
02133,ok
02134,ok
02135,ok
02136,ok
02137,ok
02138,ok
02139,ok
02140,fail
02141,fail
02142,ok
02143,fail
02144,ok
02145,fail
02146,fail
02147,fail
02148,fail
02149,ok
02150,ok
02151,ok
02152,ok
02153,fail
02154,ok
02155,fail
02156,ok
02157,fail
02158,ok
02159,fail
02160,fail
02161,fail
02162,ok
02163,fail
02164,ok
02165,fail
02166,fail
02167,ok
02168,fail
02169,ok
02170,ok
02171,fail
02172,ok
02173,fail
02174,fail
02175,fail
02176,ok
02177,ok
02178,ok
02179,fail
02180,ok
02181,fail
02182,fail
02183,ok
02184,ok
02185,ok
02186,fail
02187,fail
02188,ok
02189,fail
02190,ok
02191,ok
02192,fail
02193,ok
02194,ok
02195,fail
02196,ok
02197,ok
02198,fail
02199,fail
02200,fail
02201,ok
02202,ok
02203,ok
02204,ok
02205,fail
02206,ok
02207,fail
02208,ok
02209,ok
02210,ok
02211,fail
02212,fail
02213,fail
02214,fail
02215,fail
02216,fail
02217,ok
02218,ok
02219,fail
02220,fail
02221,fail
02222,fail
02223,ok
02224,fail
02225,ok
02226,ok
02227,fail
02228,fail
02229,fail
02230,ok
02231,fail
02232,fail
02233,fail
02234,ok
02235,fail
02236,fail
02237,ok
02238,fail
02239,ok
02240,ok
02241,fail
02242,ok
02243,ok
02244,ok
02245,fail
02246,ok
02247,ok
02248,fail
02249,ok
02250,ok
02251,fail
02252,ok
02253,fail
02254,ok
02255,fail
02256,ok
02257,ok
02258,ok
02259,ok
02260,fail
02261,fail
02262,fail
02263,fail
02264,ok
02265,ok
02266,fail
02267,ok
02268,ok
02269,ok
02270,fail
02271,fail
02272,ok
02273,ok
02274,fail
02275,fail
02276,ok
02277,ok
02278,ok
02279,ok
02280,ok
02281,fail
02282,fail
02283,fail
02284,fail
02285,ok
02286,ok
02287,ok
02288,ok
02289,fail
02290,ok
02291,fail
02292,ok
02293,ok
02294,fail
02295,fail
02296,fail
02297,fail
02298,fail
02299,fail
02300,fail
02301,fail
02302,fail
02303,ok
02304,ok
02305,ok
02306,ok
02307,ok
02308,ok
02309,fail
02310,fail
02311,fail
02312,fail
02313,ok
02314,fail
02315,fail
02316,ok
02317,ok
02318,fail
02319,ok
02320,fail
02321,ok
02322,ok
02323,fail
02324,fail
02325,fail
02326,ok
02327,ok
02328,ok
02329,ok
02330,ok
02331,fail
02332,ok
02333,ok
02334,ok
02335,fail
02336,fail
02337,fail
02338,ok
02339,ok
02340,ok
02341,ok
02342,ok
02343,fail
02344,fail
02345,fail
02346,fail
02347,fail
02348,fail
02349,fail
02350,fail
02351,ok
02352,ok
02353,ok
02354,ok
02355,ok
02356,fail
02357,ok
02358,ok
02359,fail
02360,fail
02361,fail
02362,ok
02363,fail
02364,ok
02365,ok
02366,ok
02367,fail
02368,ok
02369,ok
02370,fail
02371,ok
02372,fail
02373,fail
02374,fail
02375,ok
02376,ok
02377,ok
02378,ok
02379,fail
02380,fail
02381,fail
02382,fail
02383,ok
02384,fail
02385,ok
02386,ok
02387,fail
02388,ok
02389,ok
02390,ok
02391,ok
02392,ok
02393,ok
02394,ok
02395,ok
02396,ok
02397,fail
02398,ok
02399,ok
02400,ok
02401,ok
02402,ok
02403,ok
02404,ok
02405,ok
02406,ok
02407,ok
02408,ok
02409,ok
02410,fail
02411,fail
02412,ok
02413,fail
02414,ok
02415,ok
02416,fail
02417,ok
02418,fail
02419,ok
02420,ok
02421,fail
02422,ok
02423,fail
02424,ok
02425,fail
02426,fail
02427,ok
02428,fail
02429,ok
02430,fail
02431,fail
02432,ok
02433,ok
02434,ok
02435,fail
02436,ok
02437,fail
02438,fail
02439,fail
02440,fail
02441,ok
02442,ok
02443,fail
02444,ok
02445,fail
02446,fail
02447,ok
02448,fail
02449,fail
02450,ok
02451,ok
02452,fail
02453,ok
02454,fail
02455,fail
02456,fail
02457,fail
02458,ok
02459,ok
02460,fail
02461,fail
02462,fail
02463,fail
02464,fail
02465,ok
02466,fail
02467,fail
02468,fail
02469,ok
02470,ok
02471,fail
02472,fail
02473,fail
02474,fail
02475,fail
02476,ok
02477,ok
02478,ok
02479,fail
02480,fail
02481,ok
02482,ok
02483,fail
02484,fail
02485,fail
02486,fail
02487,fail
02488,ok
02489,fail
02490,ok
02491,ok
02492,ok
02493,fail
02494,ok
02495,ok
02496,fail
02497,fail
02498,ok
02499,ok
02500,ok
02501,ok
02502,fail
02503,fail
02504,ok
02505,fail
02506,fail
02507,fail
02508,ok
02509,fail
02510,ok
02511,ok
02512,ok
02513,fail
02514,ok
02515,fail
02516,fail
02517,ok
02518,ok
02519,fail
02520,ok
02521,ok
02522,fail
02523,ok
02524,fail
02525,fail
02526,ok
02527,ok
02528,ok
02529,fail
02530,ok
02531,ok
02532,fail
02533,ok
02534,fail
02535,fail
02536,ok
02537,ok
02538,ok
02539,ok
02540,fail
02541,fail
02542,fail
02543,fail
02544,fail
02545,ok
02546,ok
02547,fail
02548,fail
02549,fail
02550,ok
02551,ok
02552,fail
02553,ok
02554,fail
02555,ok
02556,fail
02557,ok
02558,fail
02559,ok
02560,fail
02561,ok
02562,ok
02563,ok
02564,ok
02565,ok
02566,ok
02567,ok
02568,fail
02569,ok
02570,fail
02571,fail
02572,ok
02573,fail
02574,ok
02575,fail
02576,ok
02577,ok
02578,ok
02579,ok
02580,ok
02581,fail
02582,ok
02583,ok
02584,fail
02585,ok
02586,ok
02587,ok
02588,ok
02589,fail
02590,fail
02591,fail
02592,fail
02593,fail
02594,fail
02595,ok
02596,ok
02597,fail
02598,ok
02599,ok
02600,fail
02601,fail
02602,fail
02603,ok
02604,fail
02605,ok
02606,fail
02607,fail
02608,fail
02609,ok
02610,ok
02611,ok
02612,ok
02613,ok
02614,fail
02615,ok
02616,fail
02617,ok
02618,ok
02619,ok
02620,ok
02621,fail
02622,fail
02623,ok
02624,ok
02625,ok
02626,fail
02627,fail
02628,ok
02629,fail
02630,fail
02631,ok
02632,ok
02633,ok
02634,fail
02635,fail
02636,fail
02637,fail
02638,fail
02639,ok
02640,fail
02641,fail
02642,ok
02643,fail
02644,ok
02645,fail
02646,ok
02647,fail
02648,ok
02649,ok
02650,fail
02651,ok
02652,fail
02653,fail
02654,ok
02655,fail
02656,ok
02657,ok
02658,fail
02659,ok
02660,fail
02661,fail
02662,ok
02663,ok
02664,fail
02665,ok
02666,fail
02667,fail
02668,fail
02669,fail
02670,fail
02671,ok
02672,ok
02673,fail
02674,fail
02675,ok
02676,fail
02677,ok
02678,fail
02679,ok
02680,ok
02681,fail
02682,fail
02683,ok
02684,fail
02685,ok
02686,ok
02687,fail
02688,fail
02689,fail
02690,ok
02691,ok
02692,ok
02693,fail
02694,ok
02695,fail
02696,ok
02697,ok
02698,fail
02699,fail
02700,ok
02701,ok
02702,fail
02703,fail
02704,ok
02705,ok
02706,ok
02707,ok
02708,fail
02709,fail
02710,ok
02711,fail
02712,ok
02713,ok
02714,ok
02715,fail
02716,fail
02717,ok
02718,ok
02719,ok
02720,ok
02721,ok
02722,ok
02723,fail
02724,fail
02725,fail
02726,ok
02727,fail
02728,ok
02729,fail
02730,fail
02731,ok
02732,ok
02733,ok
02734,fail
02735,ok
02736,ok
02737,ok
02738,ok
02739,ok
02740,ok
02741,ok
02742,fail
02743,ok
02744,ok
02745,ok
02746,fail
02747,ok
02748,fail
02749,ok
02750,fail
02751,fail
02752,ok
02753,ok
02754,fail
02755,ok
02756,fail
02757,fail
02758,fail
02759,fail
02760,fail
02761,fail
02762,ok
02763,fail
02764,ok
02765,ok
02766,fail
02767,fail
02768,ok
02769,fail
02770,ok
02771,fail
02772,ok
02773,ok
02774,fail
02775,ok
02776,fail
02777,ok
02778,ok
02779,fail
02780,fail
02781,fail
02782,ok
02783,ok
02784,ok
02785,fail
02786,fail
02787,fail
02788,ok
02789,ok
02790,fail
02791,ok
02792,fail
02793,ok
02794,ok
02795,ok
02796,fail
02797,fail
02798,ok
02799,ok
02800,ok
02801,fail
02802,ok
02803,fail
02804,fail
02805,fail
02806,fail
02807,fail
02808,fail
02809,ok
02810,ok
02811,ok
02812,ok
02813,ok
02814,fail
02815,fail
02816,ok
02817,ok
02818,ok
02819,ok
02820,ok
02821,ok
02822,fail
02823,ok
02824,fail
02825,ok
02826,fail
02827,fail
02828,ok
02829,fail
02830,ok
02831,fail
02832,ok
02833,ok
02834,fail
02835,ok
02836,ok
02837,ok
02838,ok
02839,ok
02840,fail
02841,fail
02842,fail
02843,fail
02844,ok
02845,ok
02846,fail
02847,fail
02848,fail
02849,fail
02850,fail
02851,ok
02852,ok
02853,ok
02854,ok
02855,fail
02856,fail
02857,fail
02858,ok
02859,ok
02860,fail
02861,ok
02862,ok
02863,fail
02864,ok
02865,ok
02866,ok
02867,fail
02868,ok
02869,fail
02870,fail
02871,fail
02872,fail
02873,ok
02874,fail
02875,ok
02876,ok
02877,fail
02878,fail
02879,ok
02880,fail
02881,ok
02882,fail
02883,ok
02884,fail
02885,ok
02886,fail
02887,ok
02888,ok
02889,ok
02890,fail
02891,ok
02892,ok
02893,fail
02894,fail
02895,fail
02896,fail
02897,fail
02898,ok
02899,ok
02900,fail
02901,ok
02902,fail
02903,fail
02904,fail
02905,fail
02906,fail
02907,ok
02908,fail
02909,fail
02910,fail
02911,fail
02912,ok
02913,ok
02914,ok
02915,fail
02916,ok
02917,fail
02918,ok
02919,ok
02920,ok
02921,fail
02922,ok
02923,fail
02924,fail
02925,ok
02926,ok
02927,ok
02928,fail
02929,fail
02930,fail
02931,fail
02932,fail
02933,fail
02934,ok
02935,fail
02936,fail
02937,fail
02938,ok
02939,fail
02940,fail
02941,fail
02942,ok
02943,ok
02944,fail
02945,ok
02946,ok
02947,ok
02948,fail
02949,fail
02950,fail
02951,ok
02952,fail
02953,ok
02954,fail
02955,fail
02956,fail
02957,ok
02958,ok
02959,fail
02960,ok
02961,ok
02962,fail
02963,ok
02964,ok
02965,fail
02966,fail
02967,ok
02968,fail
02969,ok
02970,fail
02971,fail
02972,ok
02973,ok
02974,ok
02975,ok
02976,fail
02977,ok
02978,fail
02979,fail
02980,ok
02981,ok
02982,fail
02983,ok
02984,ok
02985,fail
02986,ok
02987,fail
02988,ok
02989,fail
02990,fail
02991,fail
02992,ok
02993,fail
02994,ok
02995,ok
02996,ok
02997,ok
02998,ok
02999,ok
03000,ok
03001,fail
03002,fail
03003,ok
03004,fail
03005,fail
03006,ok
03007,fail
03008,fail
03009,fail
03010,fail
03011,fail
03012,fail
03013,ok
03014,ok
03015,fail
03016,fail
03017,ok
03018,ok
03019,fail
03020,ok
03021,ok
03022,fail
03023,ok
03024,fail
03025,ok
03026,fail
03027,fail
03028,ok
03029,fail
03030,fail
03031,fail
03032,fail
03033,fail
03034,fail
03035,ok
03036,ok
03037,ok
03038,fail
03039,ok
03040,ok
03041,ok
03042,fail
03043,ok
03044,ok
03045,fail
03046,ok
03047,fail
03048,fail
03049,ok
03050,fail
03051,ok
03052,ok
03053,fail
03054,ok
03055,ok
03056,ok
03057,fail
03058,fail
03059,fail
03060,ok
03061,ok
03062,ok
03063,ok
03064,fail
03065,ok
03066,fail
03067,ok
03068,ok
03069,fail
03070,fail
03071,fail
03072,fail
03073,ok
03074,ok
03075,fail
03076,ok
03077,ok
03078,ok
03079,ok
03080,ok
03081,fail
03082,ok
03083,ok
03084,ok
03085,ok
03086,ok
03087,ok
03088,ok
03089,fail
03090,fail
03091,ok
03092,ok
03093,fail
03094,ok
03095,ok
03096,ok
03097,fail
03098,ok
03099,fail
03100,ok
03101,fail
03102,fail
03103,fail
03104,fail
03105,ok
03106,ok
03107,fail
03108,fail
03109,fail
03110,fail
03111,fail
03112,fail
03113,fail
03114,ok
03115,ok
03116,fail
03117,ok
03118,ok
03119,fail
03120,ok
03121,ok
03122,fail
03123,ok
03124,fail
03125,ok
03126,fail
03127,fail
03128,ok
03129,ok
03130,ok
03131,fail
03132,ok
03133,fail
03134,fail
03135,fail
03136,ok
03137,fail
03138,ok
03139,fail
03140,ok
03141,fail
03142,fail
03143,fail
03144,ok
03145,ok
03146,fail
03147,fail
03148,ok
03149,fail
03150,fail
03151,fail
03152,ok
03153,ok
03154,ok
03155,ok
03156,fail
03157,ok
03158,fail
03159,fail
03160,ok
03161,ok
03162,ok
03163,fail
03164,fail
03165,ok
03166,fail
03167,ok
03168,fail
03169,ok
03170,fail
03171,ok
03172,fail
03173,ok
03174,ok
03175,fail
03176,fail
03177,ok
03178,fail
03179,ok
03180,fail
03181,fail
03182,fail
03183,ok
03184,fail
03185,fail
03186,ok
03187,fail
03188,fail
03189,ok
03190,fail
03191,fail
03192,fail
03193,ok
03194,ok
03195,fail
03196,fail
03197,fail
03198,ok
03199,ok
03200,fail
03201,ok
03202,ok
03203,ok
03204,fail
03205,ok
03206,fail
03207,fail
03208,fail
03209,ok
03210,ok
03211,fail
03212,fail
03213,fail
03214,ok
03215,ok
03216,fail
03217,fail
03218,ok
03219,fail
03220,ok
03221,fail
03222,ok
03223,fail
03224,fail
03225,fail
03226,ok
03227,ok
03228,fail
03229,fail
03230,fail
03231,fail
03232,ok
03233,ok
03234,ok
03235,ok
03236,fail
03237,fail
03238,ok
03239,fail
03240,fail
03241,ok
03242,fail
03243,fail
03244,ok
03245,ok
03246,fail
03247,fail
03248,ok
03249,fail
03250,fail
03251,ok
03252,ok
03253,ok
03254,fail
03255,fail
03256,ok
03257,fail
03258,ok
03259,ok
03260,fail
03261,ok
03262,fail
03263,ok
03264,fail
03265,fail
03266,ok
03267,ok
03268,ok
03269,fail
03270,fail
03271,fail
03272,fail
03273,ok
03274,fail
03275,fail
03276,ok
03277,ok
03278,ok
03279,ok
03280,ok
03281,fail
03282,ok
03283,fail
03284,fail
03285,fail
03286,fail
03287,fail
03288,ok
03289,fail
03290,fail
03291,fail
03292,ok
03293,fail
03294,fail
03295,ok
03296,fail
03297,fail
03298,fail
03299,ok
03300,ok
03301,ok
03302,ok
03303,ok
03304,ok
03305,ok
03306,fail
03307,ok
03308,ok
03309,fail
03310,ok
03311,ok
03312,ok
03313,fail
03314,ok
03315,ok
03316,ok
03317,ok
03318,ok
03319,fail
03320,ok
03321,ok
03322,ok
03323,ok
03324,fail
03325,fail
03326,fail
03327,fail
03328,fail
03329,ok
03330,fail
03331,ok
03332,fail
03333,ok
03334,fail
03335,fail
03336,fail
03337,fail
03338,ok
03339,fail
03340,fail
03341,ok
03342,fail
03343,ok
03344,fail
03345,fail
03346,ok
03347,fail
03348,ok
03349,ok
03350,ok
03351,ok
03352,fail
03353,fail
03354,ok
03355,fail
03356,fail
03357,ok
03358,fail
03359,fail
03360,ok
03361,fail
03362,ok
03363,fail
03364,fail
03365,fail
03366,ok
03367,fail
03368,ok
03369,fail
03370,fail
03371,fail
03372,fail
03373,fail
03374,fail
03375,fail
03376,ok
03377,fail
03378,fail
03379,fail
03380,fail
03381,ok
03382,fail
03383,ok
03384,ok
03385,fail
03386,ok
03387,fail
03388,ok
03389,fail
03390,ok
03391,fail
03392,ok
03393,ok
03394,fail
03395,fail
03396,ok
03397,ok
03398,fail
03399,ok
03400,fail
03401,fail
03402,ok
03403,ok
03404,ok
03405,fail
03406,fail
03407,fail
03408,fail
03409,ok
03410,fail
03411,fail
03412,fail
03413,ok
03414,fail
03415,ok
03416,fail
03417,ok
03418,fail
03419,ok
03420,ok
03421,ok
03422,fail
03423,ok
03424,fail
03425,fail
03426,fail
03427,fail
03428,ok
03429,fail
03430,ok
03431,ok
03432,fail
03433,ok
03434,fail
03435,fail
03436,ok
03437,ok
03438,ok
03439,ok
03440,ok
03441,fail
03442,fail
03443,ok
03444,ok
03445,fail
03446,fail
03447,ok
03448,fail
03449,ok
03450,ok
03451,fail
03452,fail
03453,fail
03454,fail
03455,fail
03456,fail
03457,fail
03458,ok
03459,fail
03460,ok
03461,ok
03462,fail
03463,fail
03464,fail
03465,ok
03466,fail
03467,fail
03468,fail
03469,ok
03470,fail
03471,fail
03472,fail
03473,fail
03474,ok
03475,ok
03476,fail
03477,fail
03478,ok
03479,ok
03480,fail
03481,ok
03482,ok
03483,fail
03484,ok
03485,ok
03486,fail
03487,ok
03488,fail
03489,ok
03490,fail
03491,ok
03492,fail
03493,ok
03494,fail
03495,fail
03496,fail
03497,fail
03498,ok
03499,ok
03500,ok
03501,fail
03502,ok
03503,fail
03504,fail
03505,ok
03506,ok
03507,fail
03508,ok
03509,ok
03510,fail
03511,fail
03512,ok
03513,ok
03514,fail
03515,fail
03516,ok
03517,fail
03518,fail
03519,fail
03520,ok
03521,fail
03522,fail
03523,fail
03524,ok
03525,fail
03526,ok
03527,ok
03528,fail
03529,fail
03530,fail
03531,fail
03532,ok
03533,ok
03534,ok
03535,ok
03536,fail
03537,fail
03538,ok
03539,ok
03540,ok
03541,fail
03542,fail
03543,ok
03544,ok
03545,fail
03546,ok
03547,fail
03548,ok
03549,ok
03550,ok
03551,ok
03552,ok
03553,fail
03554,fail
03555,fail
03556,fail
03557,fail
03558,ok
03559,ok
03560,ok
03561,ok
03562,fail
03563,fail
03564,fail
03565,fail
03566,ok
03567,fail
03568,fail
03569,ok
03570,ok
03571,fail
03572,ok
03573,fail
03574,fail
03575,ok
03576,fail
03577,fail
03578,ok
03579,ok
03580,fail
03581,ok
03582,fail
03583,ok
03584,ok
03585,ok
03586,ok
03587,fail
03588,fail
03589,ok
03590,ok
03591,ok
03592,fail
03593,fail
03594,fail
03595,ok
03596,fail
03597,ok
03598,fail
03599,fail
03600,ok
03601,ok
03602,fail
03603,ok
03604,ok
03605,fail
03606,fail
03607,ok
03608,ok
03609,fail
03610,fail
03611,ok
03612,ok
03613,ok
03614,fail
03615,fail
03616,ok
03617,ok
03618,ok
03619,fail
03620,ok
03621,fail
03622,fail
03623,fail
03624,ok
03625,fail
03626,fail
03627,ok
03628,ok
03629,fail
03630,ok
03631,ok
03632,fail
03633,fail
03634,ok
03635,fail
03636,ok
03637,fail
03638,ok
03639,ok
03640,ok
03641,fail
03642,fail
03643,ok
03644,ok
03645,ok
03646,ok
03647,ok
03648,ok
03649,ok
03650,fail
03651,ok
03652,fail
03653,ok
03654,ok
03655,fail
03656,fail
03657,fail
03658,fail
03659,fail
03660,ok
03661,fail
03662,fail
03663,ok
03664,fail
03665,fail
03666,fail
03667,ok
03668,ok
03669,ok
03670,ok
03671,ok
03672,ok
03673,fail
03674,ok
03675,fail
03676,ok
03677,fail
03678,fail
03679,fail
03680,fail
03681,ok
03682,fail
03683,ok
03684,fail
03685,fail
03686,ok
03687,fail
03688,fail
03689,ok
03690,ok
03691,fail
03692,ok
03693,ok
03694,fail
03695,ok
03696,fail
03697,ok
03698,ok
03699,ok
03700,ok
03701,ok
03702,fail
03703,ok
03704,ok
03705,ok
03706,fail
03707,ok
03708,fail
03709,fail
03710,ok
03711,ok
03712,ok
03713,fail
03714,fail
03715,ok
03716,ok
03717,ok
03718,ok
03719,ok
03720,ok
03721,fail
03722,ok
03723,fail
03724,fail
03725,ok
03726,fail
03727,ok
03728,ok
03729,ok
03730,fail
03731,ok
03732,ok
03733,ok
03734,ok
03735,ok
03736,ok
03737,fail
03738,ok
03739,ok
03740,fail
03741,ok
03742,fail
03743,ok
03744,ok
03745,fail
03746,ok
03747,fail
03748,fail
03749,fail
03750,fail
03751,fail
03752,ok
03753,ok
03754,ok
03755,ok
03756,fail
03757,fail
03758,fail
03759,fail
03760,fail
03761,fail
03762,fail
03763,ok
03764,ok
03765,ok
03766,ok
03767,fail
03768,ok
03769,fail
03770,ok
03771,fail
03772,ok
03773,ok
03774,ok
03775,fail
03776,fail
03777,fail
03778,ok
03779,ok
03780,fail
03781,ok
03782,fail
03783,ok
03784,ok
03785,fail
03786,ok
03787,fail
03788,fail
03789,fail
03790,fail
03791,ok
03792,ok
03793,fail
03794,ok
03795,fail
03796,fail
03797,fail
03798,ok
03799,ok
03800,ok
03801,ok
03802,fail
03803,fail
03804,ok
03805,ok
03806,fail
03807,ok
03808,fail
03809,ok
03810,ok
03811,fail
03812,ok
03813,ok
03814,fail
03815,ok
03816,fail
03817,fail
03818,fail
03819,fail
03820,fail
03821,fail
03822,ok
03823,fail
03824,ok
03825,ok
03826,fail
03827,fail
03828,fail
03829,fail
03830,fail
03831,ok
03832,ok
03833,fail
03834,ok
03835,fail
03836,fail
03837,ok
03838,ok
03839,ok
03840,ok
03841,ok
03842,fail
03843,ok
03844,ok
03845,ok
03846,ok
03847,fail
03848,fail
03849,ok
03850,ok
03851,fail
03852,fail
03853,fail
03854,ok
03855,ok
03856,fail
03857,fail
03858,fail
03859,fail
03860,fail
03861,ok
03862,fail
03863,ok
03864,ok
03865,ok
03866,ok
03867,fail
03868,ok
03869,ok
03870,ok
03871,ok
03872,fail
03873,fail
03874,ok
03875,ok
03876,ok
03877,fail
03878,ok
03879,ok
03880,ok
03881,ok
03882,fail
03883,ok
03884,ok
03885,fail
03886,fail
03887,fail
03888,fail
03889,ok
03890,ok
03891,ok
03892,ok
03893,ok
03894,ok
03895,ok
03896,fail
03897,fail
03898,ok
03899,ok
03900,ok
03901,fail
03902,ok
03903,fail
03904,ok
03905,fail
03906,fail
03907,ok
03908,ok
03909,ok
03910,ok
03911,ok
03912,ok
03913,ok
03914,ok
03915,ok
03916,fail
03917,fail
03918,fail
03919,fail
03920,ok
03921,fail
03922,fail
03923,ok
03924,ok
03925,ok
03926,fail
03927,ok
03928,ok
03929,fail
03930,ok
03931,ok
03932,fail
03933,fail
03934,ok
03935,ok
03936,fail
03937,fail
03938,ok
03939,ok
03940,fail
03941,ok
03942,ok
03943,ok
03944,ok
03945,ok
03946,fail
03947,ok
03948,fail
03949,ok
03950,fail
03951,fail
03952,ok
03953,fail
03954,ok
03955,ok
03956,ok
03957,ok
03958,ok
03959,ok
03960,fail
03961,ok
03962,fail
03963,fail
03964,fail
03965,ok
03966,fail
03967,ok
03968,ok
03969,fail
03970,ok
03971,ok
03972,fail
03973,fail
03974,ok
03975,ok
03976,fail
03977,ok
03978,ok
03979,fail
03980,ok
03981,ok
03982,fail
03983,fail
03984,fail
03985,ok
03986,fail
03987,fail
03988,fail
03989,fail
03990,fail
03991,fail
03992,fail
03993,ok
03994,ok
03995,ok
03996,ok
03997,fail
03998,fail
03999,fail
04000,ok
04001,fail
04002,fail
04003,ok
04004,ok
04005,ok
04006,fail
04007,ok
04008,fail
04009,fail
04010,fail
04011,ok
04012,ok
04013,ok
04014,ok
04015,ok
04016,ok
04017,fail
04018,ok
04019,ok
04020,ok
04021,fail
04022,fail
04023,ok
04024,ok
04025,fail
04026,ok
04027,fail
04028,fail
04029,ok
04030,fail
04031,fail
04032,ok
04033,ok
04034,ok
04035,ok
04036,fail
04037,fail
04038,ok
04039,fail
04040,ok
04041,fail
04042,fail
04043,fail
04044,fail
04045,ok
04046,ok
04047,ok
04048,ok
04049,ok
04050,fail
04051,ok
04052,ok
04053,fail
04054,ok
04055,fail
04056,ok
04057,fail
04058,fail
04059,fail
04060,ok
04061,ok
04062,ok
04063,fail
04064,fail
04065,fail
04066,fail
04067,ok
04068,fail
04069,ok
04070,fail
04071,fail
04072,ok
04073,ok
04074,fail
04075,fail
04076,ok
04077,ok
04078,ok
04079,fail
04080,fail
04081,fail
04082,ok
04083,fail
04084,fail
04085,ok
04086,fail
04087,fail
04088,fail
04089,ok
04090,ok
04091,fail
04092,ok
04093,ok
04094,ok
04095,ok
04096,fail
04097,fail
04098,ok
04099,ok
04100,ok
04101,ok
04102,ok
04103,fail
04104,ok
04105,ok
04106,fail
04107,fail
04108,ok
04109,ok
04110,ok
04111,ok
04112,fail
04113,fail
04114,fail
04115,ok
04116,fail
04117,ok
04118,ok
04119,fail
04120,fail
04121,ok
04122,ok
04123,ok
04124,ok
04125,fail
04126,fail
04127,ok
04128,fail
04129,fail
04130,ok
04131,fail
04132,fail
04133,ok
04134,ok
04135,ok
04136,fail
04137,fail
04138,ok
04139,ok
04140,ok
04141,fail
04142,ok
04143,fail
04144,fail
04145,fail
04146,fail
04147,ok
04148,fail
04149,ok
04150,ok
04151,fail
04152,ok
04153,ok
04154,fail
04155,fail
04156,ok
04157,fail
04158,fail
04159,ok
04160,ok
04161,fail
04162,ok
04163,fail
04164,ok
04165,ok
04166,fail
04167,ok
04168,ok
04169,ok
04170,ok
04171,fail
04172,ok
04173,ok
04174,ok
04175,fail
04176,ok
04177,ok
04178,ok
04179,ok
04180,fail
04181,ok
04182,fail
04183,ok
04184,fail
04185,ok
04186,ok
04187,ok
04188,fail
04189,ok
04190,ok
04191,ok
04192,fail
04193,fail
04194,fail
04195,fail
04196,fail
04197,ok
04198,ok
04199,fail
04200,fail
04201,fail
04202,ok
04203,ok
04204,fail
04205,ok
04206,ok
04207,ok
04208,ok
04209,ok
04210,fail
04211,ok
04212,ok
04213,fail
04214,fail
04215,ok
04216,ok
04217,ok
04218,ok
04219,ok
04220,ok
04221,fail
04222,ok
04223,ok
04224,ok
04225,fail
04226,ok
04227,fail
04228,fail
04229,ok
04230,ok
04231,ok
04232,ok
04233,fail
04234,fail
04235,fail
04236,ok
04237,fail
04238,fail
04239,ok
04240,ok
04241,fail
04242,fail
04243,ok
04244,ok
04245,fail
04246,ok
04247,ok
04248,ok
04249,ok
04250,fail
04251,ok
04252,fail
04253,fail
04254,fail
04255,ok
04256,fail
04257,ok
04258,fail
04259,ok
04260,ok
04261,fail
04262,fail
04263,ok
04264,ok
04265,fail
04266,ok
04267,ok
04268,fail
04269,fail
04270,ok
04271,ok
04272,fail
04273,ok
04274,ok
04275,ok
04276,ok
04277,ok
04278,fail
04279,fail
04280,fail
04281,fail
04282,ok
04283,ok
04284,ok
04285,ok
04286,ok
04287,fail
04288,ok
04289,ok
04290,fail
04291,ok
04292,fail
04293,fail
04294,ok
04295,fail
04296,ok
04297,fail
04298,ok
04299,ok
04300,fail
04301,ok
04302,ok
04303,ok
04304,ok
04305,ok
04306,ok
04307,fail
04308,fail
04309,fail
04310,ok
04311,ok
04312,fail
04313,fail
04314,ok
04315,ok
04316,ok
04317,fail
04318,ok
04319,ok
04320,ok
04321,fail
04322,fail
04323,fail
04324,fail
04325,fail
04326,ok
04327,ok
04328,fail
04329,fail
04330,fail
04331,ok
04332,ok
04333,ok
04334,ok
04335,ok
04336,fail
04337,ok
04338,fail
04339,ok
04340,ok
04341,fail
04342,ok
04343,ok
04344,fail
04345,fail
04346,fail
04347,ok
04348,ok
04349,fail
04350,fail
04351,ok
04352,ok
04353,ok
04354,fail
04355,ok
04356,fail
04357,fail
04358,fail
04359,ok
04360,fail
04361,ok
04362,ok
04363,fail
04364,ok
04365,fail
04366,ok
04367,fail
04368,ok
04369,ok
04370,ok
04371,fail
04372,fail
04373,fail
04374,ok
04375,ok
04376,fail
04377,ok
04378,fail
04379,fail
04380,ok
04381,ok
04382,ok
04383,fail
04384,ok
04385,ok
04386,fail
04387,ok
04388,ok
04389,ok
04390,fail
04391,fail
04392,fail
04393,ok
04394,fail
04395,ok
04396,fail
04397,ok
04398,fail
04399,fail
04400,ok
04401,fail
04402,fail
04403,fail
04404,fail
04405,fail
04406,ok
04407,ok
04408,fail
04409,fail
04410,fail
04411,fail
04412,ok
04413,fail
04414,ok
04415,fail
04416,ok
04417,ok
04418,fail
04419,fail
04420,ok
04421,ok
04422,ok
04423,ok
04424,fail
04425,fail
04426,ok
04427,ok
04428,ok
04429,fail
04430,fail
04431,fail
04432,ok
04433,ok
04434,ok
04435,fail
04436,fail
04437,fail
04438,ok
04439,fail
04440,ok
04441,ok
04442,ok
04443,fail
04444,fail
04445,fail
04446,ok
04447,ok
04448,ok
04449,ok
04450,fail
04451,fail
04452,ok
04453,ok
04454,fail
04455,fail
04456,ok
04457,fail
04458,ok
04459,fail
04460,fail
04461,fail
04462,fail
04463,ok
04464,ok
04465,fail
04466,fail
04467,ok
04468,ok
04469,ok
04470,ok
04471,ok
04472,ok
04473,ok
04474,ok
04475,fail
04476,ok
04477,fail
04478,fail
04479,fail
04480,fail
04481,ok
04482,ok
04483,fail
04484,fail
04485,ok
04486,fail
04487,ok
04488,fail
04489,ok
04490,ok
04491,fail
04492,fail
04493,fail
04494,fail
04495,ok
04496,ok
04497,fail
04498,ok
04499,fail
04500,ok
04501,fail
04502,ok
04503,fail
04504,fail
04505,fail
04506,fail
04507,fail
04508,ok
04509,fail
04510,fail
04511,fail
04512,fail
04513,fail
04514,fail
04515,ok
04516,ok
04517,fail
04518,ok
04519,ok
04520,fail
04521,ok
04522,fail
04523,fail
04524,ok
04525,fail
04526,fail
04527,ok
04528,fail
04529,fail
04530,fail
04531,ok
04532,ok
04533,fail
04534,ok
04535,ok
04536,fail
04537,ok
04538,fail
04539,ok
04540,ok
04541,fail
04542,fail
04543,fail
04544,fail
04545,fail
04546,ok
04547,ok
04548,fail
04549,fail
04550,fail
04551,ok
04552,ok
04553,ok
04554,ok
04555,fail
04556,ok
04557,fail
04558,fail
04559,ok
04560,ok
04561,fail
04562,ok
04563,fail
04564,fail
04565,ok
04566,ok
04567,fail
04568,ok
04569,fail
04570,fail
04571,ok
04572,fail
04573,fail
04574,fail
04575,ok
04576,ok
04577,ok
04578,fail
04579,fail
04580,ok
04581,ok
04582,ok
04583,ok
04584,fail
04585,ok
04586,fail
04587,fail
04588,fail
04589,fail
04590,ok
04591,fail
04592,ok
04593,ok
04594,ok
04595,fail
04596,ok
04597,fail
04598,ok
04599,fail
04600,ok
04601,ok
04602,ok
04603,fail
04604,fail
04605,fail
04606,fail
04607,ok
04608,fail
04609,fail
04610,fail
04611,fail
04612,ok
04613,fail
04614,ok
04615,fail
04616,ok
04617,ok
04618,ok
04619,ok
04620,fail
04621,fail
04622,ok
04623,ok
04624,ok
04625,ok
04626,ok
04627,fail
04628,fail
04629,fail
04630,fail
04631,fail
04632,fail
04633,fail
04634,fail
04635,fail
04636,ok
04637,ok
04638,ok
04639,fail
04640,fail
04641,fail
04642,fail
04643,fail
04644,ok
04645,ok
04646,ok
04647,ok
04648,ok
04649,fail
04650,ok
04651,ok
04652,fail
04653,ok
04654,fail
04655,fail
04656,ok
04657,fail
04658,ok
04659,fail
04660,fail
04661,ok
04662,fail
04663,fail
04664,ok
04665,fail
04666,fail
04667,ok
04668,fail
04669,fail
04670,fail
04671,fail
04672,fail
04673,fail
04674,ok
04675,fail
04676,ok
04677,ok
04678,fail
04679,ok
04680,ok
04681,fail
04682,fail
04683,ok
04684,fail
04685,ok
04686,ok
04687,ok
04688,ok
04689,ok
04690,ok
04691,ok
04692,ok
04693,fail
04694,ok
04695,ok
04696,ok
04697,fail
04698,fail
04699,ok
04700,fail
04701,ok
04702,ok
04703,fail
04704,fail
04705,ok
04706,ok
04707,ok
04708,ok
04709,fail
04710,fail
04711,ok
04712,ok
04713,ok
04714,ok
04715,ok
04716,ok
04717,ok
04718,ok
04719,ok
04720,fail
04721,fail
04722,ok
04723,ok
04724,fail
04725,ok
04726,ok
04727,fail
04728,ok
04729,ok
04730,fail
04731,fail
04732,fail
04733,fail
04734,ok
04735,ok
04736,fail
04737,ok
04738,fail
04739,ok
04740,fail
04741,fail
04742,fail
04743,fail
04744,ok
04745,ok
04746,fail
04747,ok
04748,ok
04749,fail
04750,fail
04751,fail
04752,fail
04753,fail
04754,ok
04755,ok
04756,fail
04757,ok
04758,fail
04759,ok
04760,ok
04761,ok
04762,ok
04763,ok
04764,ok
04765,ok
04766,fail
04767,fail
04768,ok
04769,ok
04770,fail
04771,ok
04772,fail
04773,ok
04774,ok
04775,ok
04776,ok
04777,ok
04778,fail
04779,ok
04780,fail
04781,fail
04782,ok
04783,fail
04784,ok
04785,ok
04786,fail
04787,fail
04788,ok
04789,fail
04790,fail
04791,fail
04792,ok
04793,fail
04794,fail
04795,fail
04796,fail
04797,fail
04798,ok
04799,ok
04800,ok
04801,fail
04802,ok
04803,ok
04804,fail
