id,status,reason,auto_bind,vacuous,non_vacuous
00003,fail,"❌ FAILED: compile/elab errors | [ERROR (VERI-1116)] ./00003/sva.sv(7): 'SyncSafeeotid' is already declared",,0,0
00004,fail,"❌ FAILED: compile/elab errors | [ERROR (VERI-1116)] ./00004/sva.sv(5): 'ValidSynceotid' is already declared",,0,0
00013,fail,"❌ FAILED: compile/elab errors | [ERROR (VERI-1116)] ./00013/sva.sv(3): 'DataSynceotid' is already declared",,0,0
00017,fail,"❌ FAILED: compile/elab errors | [ERROR (VERI-1116)] ./00017/sva.sv(4): 'ValidDataeotid' is already declared",,0,0
00026,fail,"❌ FAILED: compile/elab errors | [ERROR (VERI-1116)] ./00026/sva.sv(5): 'GraySynceotid' is already declared",,0,0
00029,fail,"❌ FAILED: compile/elab errors | ",,0,0
00045,fail,"❌ FAILED: compile/elab errors | [ERROR (VERI-1116)] ./00045/sva.sv(3): 'SyncCheckeotid' is already declared",,0,0
00053,fail,"❌ FAILED: compile/elab errors | [ERROR (VERI-1116)] ./00053/sva.sv(3): 'AdderSynceotid' is already declared",,0,0
00058,fail,"❌ FAILED: compile/elab errors | ",,0,0
00064,fail,"❌ FAILED: compile/elab errors | [ERROR (VERI-1116)] ./00064/sva.sv(3): 'SyncReqeotid' is already declared",,0,0
00076,fail,"❌ FAILED: compile/elab errors | [ERROR (VERI-1116)] ./00076/sva.sv(13): 'ValidDataeotid' is already declared",,0,0
00079,fail,"❌ FAILED: compile/elab errors | [ERROR (VERI-1116)] ./00079/sva.sv(5): 'ValidIneotid' is already declared",,0,0
00094,fail,"❌ FAILED: compile/elab errors | [ERROR (VERI-1116)] ./00094/sva.sv(9): 'AddOneeotid' is already declared",,0,0
00120,fail,"❌ FAILED: compile/elab errors | [ERROR (VERI-1116)] ./00120/sva.sv(5): 'SyncSafeeotid' is already declared",,0,0
00159,fail,"❌ FAILED: compile/elab errors | [ERROR (VERI-1116)] ./00159/sva.sv(3): 'ResetSynceotid' is already declared",,0,0
00172,fail,"❌ FAILED: compile/elab errors | [ERROR (VERI-1116)] ./00172/sva.sv(3): 'WakeUpeotid' is already declared",,0,0
00193,fail,"❌ FAILED: compile/elab errors | [ERROR (VERI-1116)] ./00193/sva.sv(5): 'SyncSafeeotid' is already declared",,0,0
00200,fail,"❌ FAILED: compile/elab errors | [ERROR (VERI-1116)] ./00200/sva.sv(5): 'SyncCheckeotid' is already declared",,0,0
00203,fail,"❌ FAILED: compile/elab errors | ",,0,0
00204,fail,"❌ FAILED: compile/elab errors | [ERROR (VERI-1116)] ./00204/sva.sv(5): 'SyncCheckeotid' is already declared",,0,0
00217,fail,"❌ FAILED: compile/elab errors | [ERROR (VERI-1116)] ./00217/sva.sv(5): 'SyncCheckeotid' is already declared",,0,0
00226,fail,"❌ FAILED: compile/elab errors | ",,0,0
00244,fail,"❌ FAILED: compile/elab errors | [ERROR (VERI-1116)] ./00244/sva.sv(3): 'AddOneeotid' is already declared",,0,0
00257,fail,"❌ FAILED: compile/elab errors | [ERROR (VERI-1116)] ./00257/sva.sv(3): 'AddOneeotid' is already declared",,0,0
00260,fail,"❌ FAILED: compile/elab errors | [ERROR (VERI-1116)] ./00260/sva.sv(3): 'ValidWriteeotid' is already declared",,0,0
00262,fail,"❌ FAILED: compile/elab errors | [ERROR (VERI-1116)] ./00262/sva.sv(3): 'ValidInputeotid' is already declared",,0,0
00295,fail,"❌ FAILED: compile/elab errors | ",,0,0
00313,fail,"❌ FAILED: compile/elab errors | [ERROR (VERI-1116)] ./00313/sva.sv(5): 'ResetSynceotid' is already declared",,0,0
00317,fail,"❌ FAILED: compile/elab errors | [ERROR (VERI-1116)] ./00317/sva.sv(3): 'ClockSynceotid' is already declared",,0,0
00325,fail,"❌ FAILED: compile/elab errors | ",,0,0
00326,fail,"❌ FAILED: compile/elab errors | ",,0,0
00342,fail,"❌ FAILED: compile/elab errors | ",,0,0
00355,fail,"❌ FAILED: compile/elab errors | ",,0,0
00361,fail,"❌ FAILED: compile/elab errors | [ERROR (VERI-1116)] ./00361/sva.sv(3): 'EnableSynceotid' is already declared",,0,0
00363,fail,"❌ FAILED: compile/elab errors | [ERROR (VERI-1116)] ./00363/sva.sv(3): 'EnableSynceotid' is already declared",,0,0
00375,fail,"❌ FAILED: compile/elab errors | [ERROR (VERI-1116)] ./00375/sva.sv(3): 'ClockSynceotid' is already declared",,0,0
00378,fail,"❌ FAILED: compile/elab errors | [ERROR (VERI-1116)] ./00378/sva.sv(3): 'EnableSynceotid' is already declared",,0,0
00385,fail,"❌ FAILED: compile/elab errors | [ERROR (VERI-1116)] ./00385/sva.sv(3): 'SyncCheckeotid' is already declared",,0,0
00410,fail,"❌ FAILED: compile/elab errors | [ERROR (VERI-1116)] ./00410/sva.sv(5): 'ClockSynceotid' is already declared",,0,0
00411,fail,"❌ FAILED: compile/elab errors | ",,0,0
00414,fail,"❌ FAILED: compile/elab errors | [ERROR (VERI-1116)] ./00414/sva.sv(3): 'ValidDataeotid' is already declared",,0,0
00416,fail,"❌ FAILED: compile/elab errors | ",,0,0
00443,fail,"❌ FAILED: compile/elab errors | [ERROR (VERI-1116)] ./00443/sva.sv(3): 'ClockSynceotid' is already declared",,0,0
00458,fail,"❌ FAILED: compile/elab errors | [ERROR (VERI-1137)] ./00458/sva.sv(5): syntax error near '@'",,0,0
00465,fail,"❌ FAILED: compile/elab errors | ",,0,0
00468,fail,"❌ FAILED: compile/elab errors | ",,0,0
00474,fail,"❌ FAILED: compile/elab errors | [ERROR (VERI-1116)] ./00474/sva.sv(3): 'SyncXorCheckeotid' is already declared",,0,0
00479,fail,"❌ FAILED: compile/elab errors | [ERROR (VERI-1116)] ./00479/sva.sv(3): 'SyncCheckeotid' is already declared",,0,0
00480,fail,"❌ FAILED: compile/elab errors | [ERROR (VERI-1116)] ./00480/sva.sv(3): 'ClockSynceotid' is already declared",,0,0
00482,fail,"❌ FAILED: compile/elab errors | [ERROR (VERI-1116)] ./00482/sva.sv(3): 'ValidOnRiseeotid' is already declared",,0,0
00496,fail,"❌ FAILED: compile/elab errors | [ERROR (VERI-1116)] ./00496/sva.sv(5): 'SyncCheckeotid' is already declared",,0,0
00499,fail,"❌ FAILED: compile/elab errors | ",,0,0
00520,fail,"❌ FAILED: compile/elab errors | [ERROR (VERI-1116)] ./00520/sva.sv(5): 'ValidIneotid' is already declared",,0,0
00524,fail,"❌ FAILED: compile/elab errors | ",,0,0
00542,fail,"❌ FAILED: compile/elab errors | ",,0,0
00552,fail,"❌ FAILED: compile/elab errors | [ERROR (VERI-1116)] ./00552/sva.sv(3): 'ResetSynceotid' is already declared",,0,0
00556,fail,"❌ FAILED: compile/elab errors | [ERROR (VERI-1116)] ./00556/sva.sv(3): 'ClockSynceotid' is already declared",,0,0
00561,fail,"❌ FAILED: compile/elab errors | ",,0,0
00563,fail,"❌ FAILED: compile/elab errors | [ERROR (VERI-1116)] ./00563/sva.sv(3): 'ClockSynceotid' is already declared",,0,0
00566,fail,"❌ FAILED: compile/elab errors | [ERROR (VERI-1116)] ./00566/sva.sv(3): 'ORANDeotid' is already declared",,0,0
00568,fail,"❌ FAILED: compile/elab errors | [ERROR (VERI-1116)] ./00568/sva.sv(3): 'AddOneeotid' is already declared",,0,0
00569,fail,"❌ FAILED: compile/elab errors | ",,0,0
00573,fail,"❌ FAILED: compile/elab errors | [ERROR (VERI-1116)] ./00573/sva.sv(5): 'ClockSafeeotid' is already declared",,0,0
00580,fail,"❌ FAILED: compile/elab errors | [ERROR (VERI-1116)] ./00580/sva.sv(5): 'SyncSubeotid' is already declared",,0,0
00581,fail,"❌ FAILED: compile/elab errors | [ERROR (VERI-1116)] ./00581/sva.sv(7): 'Readyeotid' is already declared",,0,0
00584,fail,"❌ FAILED: compile/elab errors | [ERROR (VERI-1116)] ./00584/sva.sv(5): 'SyncOneotid' is already declared",,0,0
00594,fail,"❌ FAILED: compile/elab errors | ",,0,0
00596,fail,"❌ FAILED: compile/elab errors | ",,0,0
00600,fail,"❌ FAILED: compile/elab errors | [ERROR (VERI-1116)] ./00600/sva.sv(3): 'ResetSynceotid' is already declared",,0,0
00616,fail,"❌ FAILED: compile/elab errors | ",,0,0
00617,fail,"❌ FAILED: compile/elab errors | ",,0,0
00645,fail,"❌ FAILED: compile/elab errors | [ERROR (VERI-1116)] ./00645/sva.sv(3): 'LockOneotid' is already declared",,0,0
00653,fail,"❌ FAILED: compile/elab errors | [ERROR (VERI-1116)] ./00653/sva.sv(3): 'ValidInputeotid' is already declared",,0,0
00656,fail,"❌ FAILED: compile/elab errors | [ERROR (VERI-1116)] ./00656/sva.sv(3): 'ORSynceotid' is already declared",,0,0
00671,fail,"❌ FAILED: compile/elab errors | [ERROR (VERI-1116)] ./00671/sva.sv(3): 'XorSynceotid' is already declared",,0,0
00694,fail,"❌ FAILED: compile/elab errors | [ERROR (VERI-1116)] ./00694/sva.sv(3): 'SyncEqeotid' is already declared",,0,0
00701,fail,"❌ FAILED: compile/elab errors | [ERROR (VERI-1116)] ./00701/sva.sv(5): 'GraySynceotid' is already declared",,0,0
00712,fail,"❌ FAILED: compile/elab errors | ",,0,0
00744,fail,"❌ FAILED: compile/elab errors | ",,0,0
00756,fail,"❌ FAILED: compile/elab errors | [ERROR (VERI-1116)] ./00756/sva.sv(7): 'SyncIniteotid' is already declared",,0,0
00759,fail,"❌ FAILED: compile/elab errors | [ERROR (VERI-1116)] ./00759/sva.sv(3): 'ServoSynceotid' is already declared",,0,0
00764,fail,"❌ FAILED: compile/elab errors | [ERROR (VERI-1116)] ./00764/sva.sv(9): 'ValidXorSynceotid' is already declared",,0,0
00765,fail,"❌ FAILED: compile/elab errors | [ERROR (VERI-1116)] ./00765/sva.sv(2): 'EnableSynceotid' is already declared",,0,0
00767,fail,"❌ FAILED: compile/elab errors | [ERROR (VERI-1116)] ./00767/sva.sv(3): 'ClockSynceotid' is already declared",,0,0
00772,fail,"❌ FAILED: compile/elab errors | [ERROR (VERI-1116)] ./00772/sva.sv(5): 'ValidIneotid' is already declared",,0,0
00792,fail,"❌ FAILED: compile/elab errors | ",,0,0
00794,fail,"❌ FAILED: compile/elab errors | ",,0,0
00802,fail,"❌ FAILED: compile/elab errors | [ERROR (VERI-1116)] ./00802/sva.sv(5): 'ValidDataeotid' is already declared",,0,0
00806,fail,"❌ FAILED: compile/elab errors | [ERROR (VERI-1116)] ./00806/sva.sv(3): 'ValidOnRiseeotid' is already declared",,0,0
00819,fail,"❌ FAILED: compile/elab errors | [ERROR (VERI-1116)] ./00819/sva.sv(3): 'ValidIneotid' is already declared",,0,0
00827,fail,"❌ FAILED: compile/elab errors | [ERROR (VERI-1116)] ./00827/sva.sv(5): 'SyncGoeotid' is already declared",,0,0
00837,fail,"❌ FAILED: compile/elab errors | ",,0,0
00839,fail,"❌ FAILED: compile/elab errors | [ERROR (VERI-1116)] ./00839/sva.sv(5): 'GraySynceotid' is already declared",,0,0
00842,fail,"❌ FAILED: compile/elab errors | [ERROR (VERI-1116)] ./00842/sva.sv(3): 'AddOneeotid' is already declared",,0,0
00848,fail,"❌ FAILED: compile/elab errors | ",,0,0
00871,fail,"❌ FAILED: compile/elab errors | ",,0,0
00873,fail,"❌ FAILED: compile/elab errors | [ERROR (VERI-1116)] ./00873/sva.sv(5): 'SyncCheckeotid' is already declared",,0,0
00876,fail,"❌ FAILED: compile/elab errors | [ERROR (VERI-1116)] ./00876/sva.sv(3): 'ClockSynceotid' is already declared",,0,0
00885,fail,"❌ FAILED: compile/elab errors | ",,0,0
00888,fail,"❌ FAILED: compile/elab errors | [ERROR (VERI-1116)] ./00888/sva.sv(13): 'AndSynceotid' is already declared",,0,0
00895,fail,"❌ FAILED: compile/elab errors | [ERROR (VERI-1116)] ./00895/sva.sv(3): 'ResetSynceotid' is already declared",,0,0
00898,fail,"❌ FAILED: compile/elab errors | ",,0,0
00912,fail,"❌ FAILED: compile/elab errors | ",,0,0
00913,fail,"❌ FAILED: compile/elab errors | ",,0,0
00916,fail,"❌ FAILED: compile/elab errors | ",,0,0
00938,fail,"❌ FAILED: compile/elab errors | [ERROR (VERI-1116)] ./00938/sva.sv(3): 'AdderSynceotid' is already declared",,0,0
00944,fail,"❌ FAILED: compile/elab errors | [ERROR (VERI-1116)] ./00944/sva.sv(5): 'SyncCheckeotid' is already declared",,0,0
00945,fail,"❌ FAILED: compile/elab errors | [ERROR (VERI-1116)] ./00945/sva.sv(3): 'ResetSynceotid' is already declared",,0,0
00947,fail,"❌ FAILED: compile/elab errors | ",,0,0
00982,fail,"❌ FAILED: compile/elab errors | [ERROR (VERI-1116)] ./00982/sva.sv(9): 'SyncLoadeotid' is already declared",,0,0
00991,fail,"❌ FAILED: compile/elab errors | [ERROR (VERI-1116)] ./00991/sva.sv(7): 'ShiftSynceotid' is already declared",,0,0
01020,fail,"❌ FAILED: compile/elab errors | [ERROR (VERI-1116)] ./01020/sva.sv(3): 'ValidIneotid' is already declared",,0,0
01022,fail,"❌ FAILED: compile/elab errors | [ERROR (VERI-1116)] ./01022/sva.sv(3): 'ORSynceotid' is already declared",,0,0
01030,fail,"❌ FAILED: compile/elab errors | ",,0,0
01042,fail,"❌ FAILED: compile/elab errors | [ERROR (VERI-1116)] ./01042/sva.sv(3): 'ResetSynceotid' is already declared",,0,0
01044,fail,"❌ FAILED: compile/elab errors | ",,0,0
01051,fail,"❌ FAILED: compile/elab errors | [ERROR (VERI-1116)] ./01051/sva.sv(5): 'SyncIneotid' is already declared",,0,0
01071,fail,"❌ FAILED: compile/elab errors | [ERROR (VERI-1116)] ./01071/sva.sv(5): 'ValidSynceotid' is already declared",,0,0
01072,fail,"❌ FAILED: compile/elab errors | [ERROR (VERI-1116)] ./01072/sva.sv(3): 'AdderSynceotid' is already declared",,0,0
01083,fail,"❌ FAILED: compile/elab errors | ",,0,0
01085,fail,"❌ FAILED: compile/elab errors | [ERROR (VERI-1116)] ./01085/sva.sv(3): 'ResetSynceotid' is already declared",,0,0
01100,fail,"❌ FAILED: compile/elab errors | [ERROR (VERI-1116)] ./01100/sva.sv(3): 'AddSynceotid' is already declared",,0,0
01133,fail,"❌ FAILED: compile/elab errors | [ERROR (VERI-1116)] ./01133/sva.sv(3): 'ClockSynceotid' is already declared",,0,0
01143,fail,"❌ FAILED: compile/elab errors | [ERROR (VERI-1116)] ./01143/sva.sv(5): 'SyncCheckeotid' is already declared",,0,0
01148,fail,"❌ FAILED: compile/elab errors | ",,0,0
01170,fail,"❌ FAILED: compile/elab errors | ",,0,0
01207,fail,"❌ FAILED: compile/elab errors | [ERROR (VERI-1116)] ./01207/sva.sv(5): 'HighPrioSynceotid' is already declared",,0,0
01208,fail,"❌ FAILED: compile/elab errors | ",,0,0
01213,fail,"❌ FAILED: compile/elab errors | ",,0,0
01221,fail,"❌ FAILED: compile/elab errors | ",,0,0
01252,fail,"❌ FAILED: compile/elab errors | ",,0,0
01266,fail,"❌ FAILED: compile/elab errors | [ERROR (VERI-1116)] ./01266/sva.sv(3): 'SyncAndeotid' is already declared",,0,0
01268,fail,"❌ FAILED: compile/elab errors | ",,0,0
01273,fail,"❌ FAILED: compile/elab errors | [ERROR (VERI-1116)] ./01273/sva.sv(3): 'CarrySynceotid' is already declared",,0,0
01289,fail,"❌ FAILED: compile/elab errors | [ERROR (VERI-1116)] ./01289/sva.sv(3): 'ClockSynceotid' is already declared",,0,0
01292,fail,"❌ FAILED: compile/elab errors | [ERROR (VERI-1116)] ./01292/sva.sv(5): 'SyncCheckeotid' is already declared",,0,0
01295,fail,"❌ FAILED: compile/elab errors | ",,0,0
01304,fail,"❌ FAILED: compile/elab errors | ",,0,0
01307,fail,"❌ FAILED: compile/elab errors | [ERROR (VERI-1116)] ./01307/sva.sv(3): 'AddSynceotid' is already declared",,0,0
01310,fail,"❌ FAILED: compile/elab errors | ",,0,0
01323,fail,"❌ FAILED: compile/elab errors | [ERROR (VERI-1116)] ./01323/sva.sv(3): 'DataSynceotid' is already declared",,0,0
01331,fail,"❌ FAILED: compile/elab errors | [ERROR (VERI-1116)] ./01331/sva.sv(3): 'ClockSynceotid' is already declared",,0,0
01332,fail,"❌ FAILED: compile/elab errors | [ERROR (VERI-1116)] ./01332/sva.sv(3): 'AddSynceotid' is already declared",,0,0
01338,fail,"❌ FAILED: compile/elab errors | [ERROR (VERI-1116)] ./01338/sva.sv(3): 'ResetSynceotid' is already declared",,0,0
01348,fail,"❌ FAILED: compile/elab errors | [ERROR (VERI-1116)] ./01348/sva.sv(3): 'ResetSynceotid' is already declared",,0,0
01352,fail,"❌ FAILED: compile/elab errors | [ERROR (VERI-1116)] ./01352/sva.sv(5): 'ValidOnLoador' is already declared",,0,0
01362,fail,"❌ FAILED: compile/elab errors | ",,0,0
01390,fail,"❌ FAILED: compile/elab errors | [ERROR (VERI-1116)] ./01390/sva.sv(5): 'CarrySynceotid' is already declared",,0,0
01401,fail,"❌ FAILED: compile/elab errors | ",,0,0
01425,fail,"❌ FAILED: compile/elab errors | [ERROR (VERI-1116)] ./01425/sva.sv(3): 'ClockSynceotid' is already declared",,0,0
01440,fail,"❌ FAILED: compile/elab errors | ",,0,0
01450,fail,"❌ FAILED: compile/elab errors | [ERROR (VERI-1116)] ./01450/sva.sv(5): 'SyncSafeeotid' is already declared",,0,0
01462,fail,"❌ FAILED: compile/elab errors | [ERROR (VERI-1116)] ./01462/sva.sv(3): 'ResetSynceotid' is already declared",,0,0
01463,fail,"❌ FAILED: compile/elab errors | ",,0,0
01469,fail,"❌ FAILED: compile/elab errors | [ERROR (VERI-1116)] ./01469/sva.sv(3): 'ResetSynceotid' is already declared",,0,0
01503,fail,"❌ FAILED: compile/elab errors | [ERROR (VERI-1116)] ./01503/sva.sv(2): 'ClockSynceotid' is already declared",,0,0
01522,fail,"❌ FAILED: compile/elab errors | ",,0,0
01555,fail,"❌ FAILED: compile/elab errors | ",,0,0
01557,fail,"❌ FAILED: compile/elab errors | [ERROR (VERI-1116)] ./01557/sva.sv(3): 'AddSynceotid' is already declared",,0,0
01558,fail,"❌ FAILED: compile/elab errors | [ERROR (VERI-1116)] ./01558/sva.sv(3): 'AddOneeotid' is already declared",,0,0
01559,fail,"❌ FAILED: compile/elab errors | ",,0,0
01569,fail,"❌ FAILED: compile/elab errors | [ERROR (VERI-1116)] ./01569/sva.sv(3): 'AdderSynceotid' is already declared",,0,0
01571,fail,"❌ FAILED: compile/elab errors | [ERROR (VERI-1116)] ./01571/sva.sv(5): 'WriteSynceotid' is already declared",,0,0
01575,fail,"❌ FAILED: compile/elab errors | [ERROR (VERI-1116)] ./01575/sva.sv(5): 'SyncCheckeotid' is already declared",,0,0
01582,fail,"❌ FAILED: compile/elab errors | ",,0,0
01592,fail,"❌ FAILED: compile/elab errors | [ERROR (VERI-1116)] ./01592/sva.sv(5): 'CarrySynceotid' is already declared",,0,0
01614,fail,"❌ FAILED: compile/elab errors | [ERROR (VERI-1116)] ./01614/sva.sv(5): 'ClockSynceotid' is already declared",,0,0
01628,fail,"❌ FAILED: compile/elab errors | [ERROR (VERI-1116)] ./01628/sva.sv(5): 'SyncCheckeotid' is already declared",,0,0
01629,fail,"❌ FAILED: compile/elab errors | [ERROR (VERI-1116)] ./01629/sva.sv(3): 'AddOneeotid' is already declared",,0,0
01631,fail,"❌ FAILED: compile/elab errors | [ERROR (VERI-1116)] ./01631/sva.sv(5): 'SyncSafeeotid' is already declared",,0,0
01634,fail,"❌ FAILED: compile/elab errors | [ERROR (VERI-1116)] ./01634/sva.sv(7): 'SyncCheckeotid' is already declared",,0,0
01647,fail,"❌ FAILED: compile/elab errors | [ERROR (VERI-1116)] ./01647/sva.sv(5): 'SyncIneotid' is already declared",,0,0
01667,fail,"❌ FAILED: compile/elab errors | [ERROR (VERI-1116)] ./01667/sva.sv(3): 'ValidTickeotid' is already declared",,0,0
01673,fail,"❌ FAILED: compile/elab errors | [ERROR (VERI-1116)] ./01673/sva.sv(3): 'ResetSynceotid' is already declared",,0,0
01716,fail,"❌ FAILED: compile/elab errors | ",,0,0
01720,fail,"❌ FAILED: compile/elab errors | [ERROR (VERI-1116)] ./01720/sva.sv(2): 'ResetSynceotid' is already declared",,0,0
01721,fail,"❌ FAILED: compile/elab errors | [ERROR (VERI-1116)] ./01721/sva.sv(5): 'SyncCheckeotid' is already declared",,0,0
01725,fail,"❌ FAILED: compile/elab errors | [ERROR (VERI-1116)] ./01725/sva.sv(5): 'ValidAddrRuneotid' is already declared",,0,0
01728,fail,"❌ FAILED: compile/elab errors | ",,0,0
01735,fail,"❌ FAILED: compile/elab errors | [ERROR (VERI-1116)] ./01735/sva.sv(5): 'SyncIneotid' is already declared",,0,0
01741,fail,"❌ FAILED: compile/elab errors | [ERROR (VERI-1116)] ./01741/sva.sv(2): 'ClockSynceotid' is already declared",,0,0
01746,fail,"❌ FAILED: compile/elab errors | ",,0,0
01750,fail,"❌ FAILED: compile/elab errors | [ERROR (VERI-1116)] ./01750/sva.sv(5): 'ValidDataeotid' is already declared",,0,0
01751,fail,"❌ FAILED: compile/elab errors | [ERROR (VERI-1116)] ./01751/sva.sv(3): 'ClockSynceotid' is already declared",,0,0
01755,fail,"❌ FAILED: compile/elab errors | [ERROR (VERI-1116)] ./01755/sva.sv(3): 'ResetSynceotid' is already declared",,0,0
01763,fail,"❌ FAILED: compile/elab errors | [ERROR (VERI-1116)] ./01763/sva.sv(5): 'SyncOuteotid' is already declared",,0,0
01783,fail,"❌ FAILED: compile/elab errors | [ERROR (VERI-1116)] ./01783/sva.sv(3): 'SyncIneotid' is already declared",,0,0
01791,fail,"❌ FAILED: compile/elab errors | [ERROR (VERI-1116)] ./01791/sva.sv(5): 'ValidSynceotid' is already declared",,0,0
01792,fail,"❌ FAILED: compile/elab errors | [ERROR (VERI-1116)] ./01792/sva.sv(7): 'WriteSynceotid' is already declared",,0,0
01796,fail,"❌ FAILED: compile/elab errors | [ERROR (VERI-1116)] ./01796/sva.sv(5): 'ValidDataeotid' is already declared",,0,0
01799,fail,"❌ FAILED: compile/elab errors | [ERROR (VERI-1116)] ./01799/sva.sv(3): 'ResetSynceotid' is already declared",,0,0
01804,fail,"❌ FAILED: compile/elab errors | [ERROR (VERI-1116)] ./01804/sva.sv(3): 'EnableSynceotid' is already declared",,0,0
01805,fail,"❌ FAILED: compile/elab errors | ",,0,0
01822,fail,"❌ FAILED: compile/elab errors | [ERROR (VERI-1116)] ./01822/sva.sv(5): 'SyncSafeeotid' is already declared",,0,0
01826,fail,"❌ FAILED: compile/elab errors | [ERROR (VERI-1116)] ./01826/sva.sv(5): 'ValidDataeotid' is already declared",,0,0
01828,fail,"❌ FAILED: compile/elab errors | [ERROR (VERI-1116)] ./01828/sva.sv(9): 'SyncDowneotid' is already declared",,0,0
01840,fail,"❌ FAILED: compile/elab errors | ",,0,0
01864,fail,"❌ FAILED: compile/elab errors | [ERROR (VERI-1116)] ./01864/sva.sv(3): 'ValidSecteotid' is already declared",,0,0
01866,fail,"❌ FAILED: compile/elab errors | [ERROR (VERI-1116)] ./01866/sva.sv(3): 'ResetSynceotid' is already declared",,0,0
01875,fail,"❌ FAILED: compile/elab errors | [ERROR (VERI-1116)] ./01875/sva.sv(3): 'ValidDataeotid' is already declared",,0,0
01876,fail,"❌ FAILED: compile/elab errors | [ERROR (VERI-1116)] ./01876/sva.sv(5): 'ClockSynceotid' is already declared",,0,0
01885,fail,"❌ FAILED: compile/elab errors | [ERROR (VERI-1116)] ./01885/sva.sv(3): 'ClockSynceotid' is already declared",,0,0
01905,fail,"❌ FAILED: compile/elab errors | ",,0,0
01907,fail,"❌ FAILED: compile/elab errors | [ERROR (VERI-1116)] ./01907/sva.sv(3): 'SyncIneotid' is already declared",,0,0
01924,fail,"❌ FAILED: compile/elab errors | [ERROR (VERI-1116)] ./01924/sva.sv(3): 'BCDtoBinaryeotid' is already declared",,0,0
01926,fail,"❌ FAILED: compile/elab errors | [ERROR (VERI-1116)] ./01926/sva.sv(5): 'SyncFloweotid' is already declared",,0,0
01936,fail,"❌ FAILED: compile/elab errors | [ERROR (VERI-1116)] ./01936/sva.sv(7): 'SyncCheckeotid' is already declared",,0,0
01939,fail,"❌ FAILED: compile/elab errors | [ERROR (VERI-1116)] ./01939/sva.sv(3): 'SyncCheckeotid' is already declared",,0,0
01949,fail,"❌ FAILED: compile/elab errors | [ERROR (VERI-1116)] ./01949/sva.sv(3): 'ResetSynceotid' is already declared",,0,0
01955,fail,"❌ FAILED: compile/elab errors | [ERROR (VERI-1116)] ./01955/sva.sv(3): 'ClockSynceotid' is already declared",,0,0
01961,fail,"❌ FAILED: compile/elab errors | [ERROR (VERI-1116)] ./01961/module.v(13): 'not_A' is already declared",,0,0
01973,fail,"❌ FAILED: compile/elab errors | [ERROR (VERI-1116)] ./01973/sva.sv(7): 'SyncSafeeotid' is already declared",,0,0
01990,fail,"❌ FAILED: compile/elab errors | [ERROR (VERI-1116)] ./01990/sva.sv(5): 'SyncEqeotid' is already declared",,0,0
01998,fail,"❌ FAILED: compile/elab errors | [ERROR (VERI-1116)] ./01998/sva.sv(3): 'HighPrioSynceotid' is already declared",,0,0
02001,fail,"❌ FAILED: compile/elab errors | [ERROR (VERI-1116)] ./02001/sva.sv(3): 'SyncCheckeotid' is already declared",,0,0
02005,fail,"❌ FAILED: compile/elab errors | [ERROR (VERI-1116)] ./02005/sva.sv(3): 'SleepSynceotid' is already declared",,0,0
02006,fail,"❌ FAILED: compile/elab errors | [ERROR (VERI-1116)] ./02006/sva.sv(3): 'ResetSynceotid' is already declared",,0,0
02016,fail,"❌ FAILED: compile/elab errors | [ERROR (VERI-1116)] ./02016/sva.sv(9): 'SyncSafeeotid' is already declared",,0,0
02020,fail,"❌ FAILED: compile/elab errors | [ERROR (VERI-1116)] ./02020/sva.sv(3): 'AdderSynceotid' is already declared",,0,0
02030,fail,"❌ FAILED: compile/elab errors | [ERROR (VERI-1116)] ./02030/sva.sv(3): 'MultiplySynceotid' is already declared",,0,0
02032,fail,"❌ FAILED: compile/elab errors | ",,0,0
02036,fail,"❌ FAILED: compile/elab errors | [ERROR (VERI-1116)] ./02036/sva.sv(3): 'EnableSynceotid' is already declared",,0,0
02044,fail,"❌ FAILED: compile/elab errors | ",,0,0
02046,fail,"❌ FAILED: compile/elab errors | [ERROR (VERI-1137)] ./02046/sva.sv(3): syntax error near '@'",,0,0
02057,fail,"❌ FAILED: compile/elab errors | ",,0,0
02059,fail,"❌ FAILED: compile/elab errors | [ERROR (VERI-1116)] ./02059/sva.sv(5): 'ValidDataeotid' is already declared",,0,0
02086,fail,"❌ FAILED: compile/elab errors | [ERROR (VERI-1116)] ./02086/sva.sv(3): 'ResetSynceotid' is already declared",,0,0
02136,fail,"❌ FAILED: compile/elab errors | [ERROR (VERI-1116)] ./02136/sva.sv(7): 'GraySynceotid' is already declared",,0,0
02139,fail,"❌ FAILED: compile/elab errors | [ERROR (VERI-1116)] ./02139/sva.sv(3): 'ClockSynceotid' is already declared",,0,0
02145,fail,"❌ FAILED: compile/elab errors | ",,0,0
02152,fail,"❌ FAILED: compile/elab errors | [ERROR (VERI-1116)] ./02152/sva.sv(3): 'ClockSynceotid' is already declared",,0,0
02157,fail,"❌ FAILED: compile/elab errors | ",,0,0
02162,fail,"❌ FAILED: compile/elab errors | [ERROR (VERI-1116)] ./02162/sva.sv(3): 'WakeUpeotid' is already declared",,0,0
02166,fail,"❌ FAILED: compile/elab errors | [ERROR (VERI-1116)] ./02166/sva.sv(5): 'SyncAccumulateeotid' is already declared",,0,0
02169,fail,"❌ FAILED: compile/elab errors | [ERROR (VERI-1137)] ./02169/sva.sv(7): syntax error near '@'",,0,0
02171,fail,"❌ FAILED: compile/elab errors | [ERROR (VERI-1116)] ./02171/sva.sv(5): 'SyncCheckeotid' is already declared",,0,0
02172,fail,"❌ FAILED: compile/elab errors | [ERROR (VERI-1116)] ./02172/sva.sv(3): 'AdderSynceotid' is already declared",,0,0
02174,fail,"❌ FAILED: compile/elab errors | [ERROR (VERI-1116)] ./02174/sva.sv(3): 'ClockSynceotid' is already declared",,0,0
02175,fail,"❌ FAILED: compile/elab errors | ",,0,0
02185,fail,"❌ FAILED: compile/elab errors | ",,0,0
02187,fail,"❌ FAILED: compile/elab errors | [ERROR (VERI-1116)] ./02187/sva.sv(5): 'ValidDataeotid' is already declared",,0,0
02193,fail,"❌ FAILED: compile/elab errors | ",,0,0
02211,fail,"❌ FAILED: compile/elab errors | ",,0,0
02231,fail,"❌ FAILED: compile/elab errors | ",,0,0
02253,fail,"❌ FAILED: compile/elab errors | ",,0,0
02266,fail,"❌ FAILED: compile/elab errors | ",,0,0
02276,fail,"❌ FAILED: compile/elab errors | ",,0,0
02277,fail,"❌ FAILED: compile/elab errors | ",,0,0
02278,fail,"❌ FAILED: compile/elab errors | [ERROR (VERI-1116)] ./02278/sva.sv(5): 'ClockSynceotid' is already declared",,0,0
02281,fail,"❌ FAILED: compile/elab errors | [ERROR (VERI-1116)] ./02281/sva.sv(7): 'ValidIneotid' is already declared",,0,0
02282,fail,"❌ FAILED: compile/elab errors | ",,0,0
02286,fail,"❌ FAILED: compile/elab errors | [ERROR (VERI-1116)] ./02286/sva.sv(5): 'SyncCheckeotid' is already declared",,0,0
02308,fail,"❌ FAILED: compile/elab errors | [ERROR (VERI-1116)] ./02308/sva.sv(3): 'SyncNandCheckeotid' is already declared",,0,0
02324,fail,"❌ FAILED: compile/elab errors | [ERROR (VERI-1138)] ./02324/sva.sv(3): unexpected EOF",,0,0
02334,fail,"❌ FAILED: compile/elab errors | [ERROR (VERI-1116)] ./02334/sva.sv(5): 'SyncSafeeotid' is already declared",,0,0
02336,fail,"❌ FAILED: compile/elab errors | [ERROR (VERI-1116)] ./02336/sva.sv(3): 'ClockSynceotid' is already declared",,0,0
02350,fail,"❌ FAILED: compile/elab errors | [ERROR (VERI-1116)] ./02350/sva.sv(3): 'ResetSynceotid' is already declared",,0,0
02370,fail,"❌ FAILED: compile/elab errors | [ERROR (VERI-1116)] ./02370/sva.sv(5): 'SafeCtrleotid' is already declared",,0,0
02401,fail,"❌ FAILED: compile/elab errors | ",,0,0
02404,fail,"❌ FAILED: compile/elab errors | [ERROR (VERI-1116)] ./02404/sva.sv(5): 'SyncIneotid' is already declared",,0,0
02422,fail,"❌ FAILED: compile/elab errors | [ERROR (VERI-1116)] ./02422/sva.sv(3): 'SyncIneotid' is already declared",,0,0
02430,fail,"❌ FAILED: compile/elab errors | ",,0,0
02444,fail,"❌ FAILED: compile/elab errors | [ERROR (VERI-1116)] ./02444/sva.sv(3): 'ClockSynceotid' is already declared",,0,0
02452,fail,"❌ FAILED: compile/elab errors | [ERROR (VERI-1116)] ./02452/sva.sv(3): 'ValidDataeotid' is already declared",,0,0
02457,fail,"❌ FAILED: compile/elab errors | [ERROR (VERI-1116)] ./02457/sva.sv(3): 'ClockSynceotid' is already declared",,0,0
02460,fail,"❌ FAILED: compile/elab errors | [ERROR (VERI-1116)] ./02460/sva.sv(3): 'ClockSynceotid' is already declared",,0,0
02465,fail,"❌ FAILED: compile/elab errors | ",,0,0
02478,fail,"❌ FAILED: compile/elab errors | [ERROR (VERI-1116)] ./02478/sva.sv(5): 'SyncUpeotid' is already declared",,0,0
02489,fail,"❌ FAILED: compile/elab errors | [ERROR (VERI-1116)] ./02489/sva.sv(3): 'AddOneeotid' is already declared",,0,0
02500,fail,"❌ FAILED: compile/elab errors | [ERROR (VERI-1116)] ./02500/sva.sv(3): 'SyncIneotid' is already declared",,0,0
02519,fail,"❌ FAILED: compile/elab errors | [ERROR (VERI-1116)] ./02519/sva.sv(3): 'AddSynceotid' is already declared",,0,0
02525,fail,"❌ FAILED: compile/elab errors | ",,0,0
02533,fail,"❌ FAILED: compile/elab errors | [ERROR (VERI-1116)] ./02533/sva.sv(3): 'ResetSynceotid' is already declared",,0,0
02542,fail,"❌ FAILED: compile/elab errors | ",,0,0
02553,fail,"❌ FAILED: compile/elab errors | ",,0,0
02569,fail,"❌ FAILED: compile/elab errors | [ERROR (VERI-1116)] ./02569/sva.sv(3): 'ValidIneotid' is already declared",,0,0
02571,fail,"❌ FAILED: compile/elab errors | [ERROR (VERI-1116)] ./02571/sva.sv(3): 'ClockSynceotid' is already declared",,0,0
02573,fail,"❌ FAILED: compile/elab errors | [ERROR (VERI-1116)] ./02573/sva.sv(5): 'AddOneeotid' is already declared",,0,0
02577,fail,"❌ FAILED: compile/elab errors | [ERROR (VERI-1116)] ./02577/sva.sv(3): 'ValidDataeotid' is already declared",,0,0
02584,fail,"❌ FAILED: compile/elab errors | [ERROR (VERI-1116)] ./02584/sva.sv(3): 'AdderSynceotid' is already declared",,0,0
02590,fail,"❌ FAILED: compile/elab errors | [ERROR (VERI-1116)] ./02590/sva.sv(5): 'DataSynceotid' is already declared",,0,0
02591,fail,"❌ FAILED: compile/elab errors | ",,0,0
02639,fail,"❌ FAILED: compile/elab errors | ",,0,0
02655,fail,"❌ FAILED: compile/elab errors | [ERROR (VERI-1116)] ./02655/sva.sv(3): 'ORSynceotid' is already declared",,0,0
02656,fail,"❌ FAILED: compile/elab errors | [ERROR (VERI-1116)] ./02656/sva.sv(5): 'ValidDataeotid' is already declared",,0,0
02672,fail,"❌ FAILED: compile/elab errors | [ERROR (VERI-1116)] ./02672/sva.sv(5): 'ValidDataeotid' is already declared",,0,0
02689,fail,"❌ FAILED: compile/elab errors | ",,0,0
02704,fail,"❌ FAILED: compile/elab errors | [ERROR (VERI-1116)] ./02704/sva.sv(3): 'ResetSynceotid' is already declared",,0,0
02706,fail,"❌ FAILED: compile/elab errors | [ERROR (VERI-1116)] ./02706/sva.sv(3): 'GreaterThaneotid' is already declared",,0,0
02712,fail,"❌ FAILED: compile/elab errors | [ERROR (VERI-1116)] ./02712/sva.sv(5): 'SyncCheckeotid' is already declared",,0,0
02721,fail,"❌ FAILED: compile/elab errors | [ERROR (VERI-1116)] ./02721/sva.sv(3): 'ResetSynceotid' is already declared",,0,0
02732,fail,"❌ FAILED: compile/elab errors | ",,0,0
02745,fail,"❌ FAILED: compile/elab errors | [ERROR (VERI-1116)] ./02745/sva.sv(5): 'CarrySynceotid' is already declared",,0,0
02757,fail,"❌ FAILED: compile/elab errors | ",,0,0
02769,fail,"❌ FAILED: compile/elab errors | [ERROR (VERI-1116)] ./02769/sva.sv(3): 'ClockSynceotid' is already declared",,0,0
02779,fail,"❌ FAILED: compile/elab errors | [ERROR (VERI-1116)] ./02779/sva.sv(3): 'ClockSafeeotid' is already declared",,0,0
02786,fail,"❌ FAILED: compile/elab errors | ",,0,0
02787,fail,"❌ FAILED: compile/elab errors | ",,0,0
02808,fail,"❌ FAILED: compile/elab errors | [ERROR (VERI-1116)] ./02808/sva.sv(7): 'ValidDataeotid' is already declared",,0,0
02817,fail,"❌ FAILED: compile/elab errors | [ERROR (VERI-1116)] ./02817/sva.sv(5): 'SyncReseteotid' is already declared",,0,0
02831,fail,"❌ FAILED: compile/elab errors | [ERROR (VERI-1137)] ./02831/module.v(9): syntax error near '='",,0,0
02859,fail,"❌ FAILED: compile/elab errors | [ERROR (VERI-1116)] ./02859/sva.sv(3): 'SyncIneotid' is already declared",,0,0
02864,fail,"❌ FAILED: compile/elab errors | ",,0,0
02876,fail,"❌ FAILED: compile/elab errors | [ERROR (VERI-1116)] ./02876/sva.sv(3): 'ValidRuneotid' is already declared",,0,0
02897,fail,"❌ FAILED: compile/elab errors | [ERROR (VERI-1116)] ./02897/sva.sv(5): 'ValidSleotid' is already declared",,0,0
02902,fail,"❌ FAILED: compile/elab errors | [ERROR (VERI-1116)] ./02902/sva.sv(2): 'ValidWriteeotid' is already declared",,0,0
02910,fail,"❌ FAILED: compile/elab errors | [ERROR (VERI-1116)] ./02910/sva.sv(5): 'SyncAddereotid' is already declared",,0,0
02931,fail,"❌ FAILED: compile/elab errors | ",,0,0
02940,fail,"❌ FAILED: compile/elab errors | ",,0,0
02962,fail,"❌ FAILED: compile/elab errors | [ERROR (VERI-1116)] ./02962/sva.sv(3): 'ResetSynceotid' is already declared",,0,0
02965,fail,"❌ FAILED: compile/elab errors | ",,0,0
02973,fail,"❌ FAILED: compile/elab errors | ",,0,0
02983,fail,"❌ FAILED: compile/elab errors | [ERROR (VERI-1116)] ./02983/sva.sv(3): 'AdderSynceotid' is already declared",,0,0
02987,fail,"❌ FAILED: compile/elab errors | [ERROR (VERI-1116)] ./02987/sva.sv(3): 'AddSynceotid' is already declared",,0,0
02988,fail,"❌ FAILED: compile/elab errors | [ERROR (VERI-1116)] ./02988/sva.sv(3): 'ResetSynceotid' is already declared",,0,0
03024,fail,"❌ FAILED: compile/elab errors | [ERROR (VERI-1116)] ./03024/sva.sv(3): 'ResetSynceotid' is already declared",,0,0
03027,fail,"❌ FAILED: compile/elab errors | [ERROR (VERI-1116)] ./03027/sva.sv(3): 'ClockSynceotid' is already declared",,0,0
03032,fail,"❌ FAILED: compile/elab errors | [ERROR (VERI-1116)] ./03032/sva.sv(3): 'ResetSynceotid' is already declared",,0,0
03059,fail,"❌ FAILED: compile/elab errors | [ERROR (VERI-1116)] ./03059/sva.sv(5): 'SyncIniteotid' is already declared",,0,0
03063,fail,"❌ FAILED: compile/elab errors | [ERROR (VERI-1116)] ./03063/sva.sv(7): 'ValidSynceotid' is already declared",,0,0
03100,fail,"❌ FAILED: compile/elab errors | [ERROR (VERI-1116)] ./03100/sva.sv(3): 'SyncAddOneeotid' is already declared",,0,0
03104,fail,"❌ FAILED: compile/elab errors | [ERROR (VERI-1116)] ./03104/sva.sv(3): 'OR3eotid' is already declared",,0,0
03105,fail,"❌ FAILED: compile/elab errors | [ERROR (VERI-1137)] ./03105/sva.sv(9): syntax error near '@'",,0,0
03108,fail,"❌ FAILED: compile/elab errors | ",,0,0
03112,fail,"❌ FAILED: compile/elab errors | [ERROR (VERI-1116)] ./03112/sva.sv(3): 'AdderSynceotid' is already declared",,0,0
03113,fail,"❌ FAILED: compile/elab errors | ",,0,0
03126,fail,"❌ FAILED: compile/elab errors | ",,0,0
03133,fail,"❌ FAILED: compile/elab errors | ",,0,0
03145,fail,"❌ FAILED: compile/elab errors | [ERROR (VERI-1116)] ./03145/sva.sv(5): 'ValidDataeotid' is already declared",,0,0
03152,fail,"❌ FAILED: compile/elab errors | [ERROR (VERI-1116)] ./03152/sva.sv(3): 'SafeStarteotid' is already declared",,0,0
03155,fail,"❌ FAILED: compile/elab errors | [ERROR (VERI-1116)] ./03155/sva.sv(5): 'ValidXeotid' is already declared",,0,0
03198,fail,"❌ FAILED: compile/elab errors | [ERROR (VERI-1116)] ./03198/sva.sv(7): 'ValidAddereotid' is already declared",,0,0
03241,fail,"❌ FAILED: compile/elab errors | [ERROR (VERI-1116)] ./03241/sva.sv(3): 'ClockSynceotid' is already declared",,0,0
03242,fail,"❌ FAILED: compile/elab errors | ",,0,0
03264,fail,"❌ FAILED: compile/elab errors | ",,0,0
03268,fail,"❌ FAILED: compile/elab errors | ",,0,0
03271,fail,"❌ FAILED: compile/elab errors | [ERROR (VERI-1116)] ./03271/sva.sv(19): 'ZeroCheckeotid' is already declared",,0,0
03273,fail,"❌ FAILED: compile/elab errors | ",,0,0
03274,fail,"❌ FAILED: compile/elab errors | ",,0,0
03285,fail,"❌ FAILED: compile/elab errors | ",,0,0
03286,fail,"❌ FAILED: compile/elab errors | ",,0,0
03296,fail,"❌ FAILED: compile/elab errors | [ERROR (VERI-1116)] ./03296/sva.sv(11): 'SyncCheckeotid' is already declared",,0,0
03298,fail,"❌ FAILED: compile/elab errors | [ERROR (VERI-1116)] ./03298/sva.sv(3): 'SyncCheckeotid' is already declared",,0,0
03307,fail,"❌ FAILED: compile/elab errors | [ERROR (VERI-1116)] ./03307/sva.sv(3): 'AdderSynceotid' is already declared",,0,0
03326,fail,"❌ FAILED: compile/elab errors | [ERROR (VERI-1116)] ./03326/sva.sv(5): 'ValidSynceotid' is already declared",,0,0
03329,fail,"❌ FAILED: compile/elab errors | ",,0,0
03334,fail,"❌ FAILED: compile/elab errors | [ERROR (VERI-1116)] ./03334/sva.sv(5): 'SyncAddereotid' is already declared",,0,0
03345,fail,"❌ FAILED: compile/elab errors | [ERROR (VERI-1116)] ./03345/sva.sv(7): 'SyncSafeeotid' is already declared",,0,0
03367,fail,"❌ FAILED: compile/elab errors | [ERROR (VERI-1116)] ./03367/sva.sv(5): 'ValidOpOnRiseeotid' is already declared",,0,0
03372,fail,"❌ FAILED: compile/elab errors | [ERROR (VERI-1116)] ./03372/sva.sv(5): 'ValidDataeotid' is already declared",,0,0
03377,fail,"❌ FAILED: compile/elab errors | [ERROR (VERI-1116)] ./03377/sva.sv(3): 'EnableSynceotid' is already declared",,0,0
03395,fail,"❌ FAILED: compile/elab errors | [ERROR (VERI-1116)] ./03395/sva.sv(5): 'ValidOnRiseeotid' is already declared",,0,0
03434,fail,"❌ FAILED: compile/elab errors | [ERROR (VERI-1116)] ./03434/sva.sv(3): 'ClockSynceotid' is already declared",,0,0
03436,fail,"❌ FAILED: compile/elab errors | [ERROR (VERI-1116)] ./03436/sva.sv(3): 'ValidDataeotid' is already declared",,0,0
03444,fail,"❌ FAILED: compile/elab errors | [ERROR (VERI-1116)] ./03444/sva.sv(3): 'ClockSynceotid' is already declared",,0,0
03456,fail,"❌ FAILED: compile/elab errors | ",,0,0
03458,fail,"❌ FAILED: compile/elab errors | [ERROR (VERI-1116)] ./03458/sva.sv(9): 'SyncCarryeotid' is already declared",,0,0
03462,fail,"❌ FAILED: compile/elab errors | [ERROR (VERI-1116)] ./03462/sva.sv(3): 'ValidDataeotid' is already declared",,0,0
03465,fail,"❌ FAILED: compile/elab errors | [ERROR (VERI-1116)] ./03465/sva.sv(5): 'ClockSynceotid' is already declared",,0,0
03466,fail,"❌ FAILED: compile/elab errors | ",,0,0
03469,fail,"❌ FAILED: compile/elab errors | [ERROR (VERI-1116)] ./03469/sva.sv(3): 'ClockSynceotid' is already declared",,0,0
03482,fail,"❌ FAILED: compile/elab errors | [ERROR (VERI-1116)] ./03482/sva.sv(3): 'EnableSynceotid' is already declared",,0,0
03503,fail,"❌ FAILED: compile/elab errors | [ERROR (VERI-1116)] ./03503/sva.sv(5): 'SyncIneotid' is already declared",,0,0
03509,fail,"❌ FAILED: compile/elab errors | [ERROR (VERI-1116)] ./03509/sva.sv(5): 'WriteSynceotid' is already declared",,0,0
03520,fail,"❌ FAILED: compile/elab errors | [ERROR (VERI-1116)] ./03520/sva.sv(3): 'ResetSynceotid' is already declared",,0,0
03521,fail,"❌ FAILED: compile/elab errors | [ERROR (VERI-1116)] ./03521/sva.sv(5): 'ValidDataeotid' is already declared",,0,0
03531,fail,"❌ FAILED: compile/elab errors | [ERROR (VERI-1116)] ./03531/sva.sv(3): 'ValidOnEnableeotid' is already declared",,0,0
03533,fail,"❌ FAILED: compile/elab errors | [ERROR (VERI-1116)] ./03533/sva.sv(3): 'ClockSynceotid' is already declared",,0,0
03559,fail,"❌ FAILED: compile/elab errors | [ERROR (VERI-1116)] ./03559/sva.sv(7): 'SyncIneotid' is already declared",,0,0
03561,fail,"❌ FAILED: compile/elab errors | [ERROR (VERI-1116)] ./03561/sva.sv(3): 'ClockSynceotid' is already declared",,0,0
03572,fail,"❌ FAILED: compile/elab errors | [ERROR (VERI-1116)] ./03572/sva.sv(7): 'ClockSynceotid' is already declared",,0,0
03574,fail,"❌ FAILED: compile/elab errors | [ERROR (VERI-1116)] ./03574/sva.sv(3): 'Squareeotid' is already declared",,0,0
03588,fail,"❌ FAILED: compile/elab errors | [ERROR (VERI-1116)] ./03588/sva.sv(5): 'SyncAndeotid' is already declared",,0,0
03589,fail,"❌ FAILED: compile/elab errors | [ERROR (VERI-1116)] ./03589/sva.sv(7): 'ValidOuteotid' is already declared",,0,0
03619,fail,"❌ FAILED: compile/elab errors | [ERROR (VERI-1116)] ./03619/sva.sv(3): 'ResetSynceotid' is already declared",,0,0
03622,fail,"❌ FAILED: compile/elab errors | [ERROR (VERI-1116)] ./03622/sva.sv(7): 'ValidSynceotid' is already declared",,0,0
03630,fail,"❌ FAILED: compile/elab errors | [ERROR (VERI-1116)] ./03630/sva.sv(3): 'SyncIneotid' is already declared",,0,0
03675,fail,"❌ FAILED: compile/elab errors | [ERROR (VERI-1116)] ./03675/sva.sv(3): 'AddSynceotid' is already declared",,0,0
03679,fail,"❌ FAILED: compile/elab errors | ",,0,0
03698,fail,"❌ FAILED: compile/elab errors | ",,0,0
03714,fail,"❌ FAILED: compile/elab errors | ",,0,0
03716,fail,"❌ FAILED: compile/elab errors | ",,0,0
03727,fail,"❌ FAILED: compile/elab errors | [ERROR (VERI-1116)] ./03727/sva.sv(3): 'SyncDataeotid' is already declared",,0,0
03730,fail,"❌ FAILED: compile/elab errors | [ERROR (VERI-1116)] ./03730/sva.sv(5): 'SyncCheckeotid' is already declared",,0,0
03745,fail,"❌ FAILED: compile/elab errors | ",,0,0
03754,fail,"❌ FAILED: compile/elab errors | [ERROR (VERI-1116)] ./03754/sva.sv(3): 'ClockSynceotid' is already declared",,0,0
03758,fail,"❌ FAILED: compile/elab errors | [ERROR (VERI-1116)] ./03758/sva.sv(3): 'ResetSynceotid' is already declared",,0,0
03763,fail,"❌ FAILED: compile/elab errors | [ERROR (VERI-1116)] ./03763/sva.sv(7): 'SyncCheckeotid' is already declared",,0,0
03770,fail,"❌ FAILED: compile/elab errors | [ERROR (VERI-1116)] ./03770/sva.sv(3): 'ClockSynceotid' is already declared",,0,0
03786,fail,"❌ FAILED: compile/elab errors | ",,0,0
03789,fail,"❌ FAILED: compile/elab errors | [ERROR (VERI-1116)] ./03789/sva.sv(3): 'ValidDataeotid' is already declared",,0,0
03805,fail,"❌ FAILED: compile/elab errors | [ERROR (VERI-1116)] ./03805/sva.sv(3): 'ClockSynceotid' is already declared",,0,0
03809,fail,"❌ FAILED: compile/elab errors | ",,0,0
03825,fail,"❌ FAILED: compile/elab errors | ",,0,0
03834,fail,"❌ FAILED: compile/elab errors | [ERROR (VERI-1116)] ./03834/sva.sv(7): 'ShiftOneeotid' is already declared",,0,0
03855,fail,"❌ FAILED: compile/elab errors | [ERROR (VERI-1116)] ./03855/sva.sv(3): 'ClockSynceotid' is already declared",,0,0
03872,fail,"❌ FAILED: compile/elab errors | [ERROR (VERI-1116)] ./03872/sva.sv(3): 'EnableSynceotid' is already declared",,0,0
03874,fail,"❌ FAILED: compile/elab errors | [ERROR (VERI-1116)] ./03874/sva.sv(3): 'SyncIneotid' is already declared",,0,0
03876,fail,"❌ FAILED: compile/elab errors | [ERROR (VERI-1116)] ./03876/sva.sv(3): 'ClockSynceotid' is already declared",,0,0
03892,fail,"❌ FAILED: compile/elab errors | ",,0,0
03893,fail,"❌ FAILED: compile/elab errors | [ERROR (VERI-1116)] ./03893/sva.sv(3): 'AddOneeotid' is already declared",,0,0
03905,fail,"❌ FAILED: compile/elab errors | ",,0,0
03943,fail,"❌ FAILED: compile/elab errors | [ERROR (VERI-1116)] ./03943/sva.sv(5): 'SyncCheckeotid' is already declared",,0,0
03976,fail,"❌ FAILED: compile/elab errors | [ERROR (VERI-1116)] ./03976/sva.sv(2): 'ClockSynceotid' is already declared",,0,0
03978,fail,"❌ FAILED: compile/elab errors | [ERROR (VERI-1116)] ./03978/sva.sv(3): 'EnableSynceotid' is already declared",,0,0
03981,fail,"❌ FAILED: compile/elab errors | [ERROR (VERI-1116)] ./03981/sva.sv(3): 'ValidIneotid' is already declared",,0,0
03986,fail,"❌ FAILED: compile/elab errors | [ERROR (VERI-1116)] ./03986/sva.sv(3): 'ResetSynceotid' is already declared",,0,0
04002,fail,"❌ FAILED: compile/elab errors | [ERROR (VERI-1116)] ./04002/sva.sv(3): 'ResetSynceotid' is already declared",,0,0
04042,fail,"❌ FAILED: compile/elab errors | [ERROR (VERI-1116)] ./04042/sva.sv(3): 'ClockSynceotid' is already declared",,0,0
04049,fail,"❌ FAILED: compile/elab errors | ",,0,0
04089,fail,"❌ FAILED: compile/elab errors | [ERROR (VERI-1116)] ./04089/sva.sv(3): 'AddOneeotid' is already declared",,0,0
04100,fail,"❌ FAILED: compile/elab errors | [ERROR (VERI-1116)] ./04100/sva.sv(3): 'ResetSynceotid' is already declared",,0,0
04119,fail,"❌ FAILED: compile/elab errors | ",,0,0
04139,fail,"❌ FAILED: compile/elab errors | [ERROR (VERI-1116)] ./04139/sva.sv(5): 'SyncCheckeotid' is already declared",,0,0
04140,fail,"❌ FAILED: compile/elab errors | ",,0,0
04144,fail,"❌ FAILED: compile/elab errors | ",,0,0
04154,fail,"❌ FAILED: compile/elab errors | [ERROR (VERI-1116)] ./04154/sva.sv(5): 'SyncIneotid' is already declared",,0,0
04158,fail,"❌ FAILED: compile/elab errors | ",,0,0
04160,fail,"❌ FAILED: compile/elab errors | [ERROR (VERI-1116)] ./04160/sva.sv(11): 'ResetSynceotid' is already declared",,0,0
04173,fail,"❌ FAILED: compile/elab errors | ",,0,0
04174,fail,"❌ FAILED: compile/elab errors | [ERROR (VERI-1116)] ./04174/sva.sv(3): 'ClockSynceotid' is already declared",,0,0
04187,fail,"❌ FAILED: compile/elab errors | [ERROR (VERI-1116)] ./04187/sva.sv(3): 'ClockSynceotid' is already declared",,0,0
04189,fail,"❌ FAILED: compile/elab errors | ",,0,0
04211,fail,"❌ FAILED: compile/elab errors | ",,0,0
04222,fail,"❌ FAILED: compile/elab errors | [ERROR (VERI-1116)] ./04222/sva.sv(3): 'ClockSynceotid' is already declared",,0,0
04239,fail,"❌ FAILED: compile/elab errors | [ERROR (VERI-1116)] ./04239/sva.sv(5): 'ClockSynceotid' is already declared",,0,0
04243,fail,"❌ FAILED: compile/elab errors | [ERROR (VERI-1116)] ./04243/sva.sv(7): 'SyncCheckeotid' is already declared",,0,0
04259,fail,"❌ FAILED: compile/elab errors | [ERROR (VERI-1116)] ./04259/sva.sv(3): 'AddOneeotid' is already declared",,0,0
04282,fail,"❌ FAILED: compile/elab errors | [ERROR (VERI-1116)] ./04282/sva.sv(3): 'SyncCheckeotid' is already declared",,0,0
04322,fail,"❌ FAILED: compile/elab errors | ",,0,0
04333,fail,"❌ FAILED: compile/elab errors | ",,0,0
04334,fail,"❌ FAILED: compile/elab errors | [ERROR (VERI-1116)] ./04334/sva.sv(3): 'ResetSynceotid' is already declared",,0,0
04344,fail,"❌ FAILED: compile/elab errors | ",,0,0
04350,fail,"❌ FAILED: compile/elab errors | ",,0,0
04363,fail,"❌ FAILED: compile/elab errors | [ERROR (VERI-1116)] ./04363/sva.sv(3): 'ResetSynceotid' is already declared",,0,0
04375,fail,"❌ FAILED: compile/elab errors | [ERROR (VERI-1116)] ./04375/sva.sv(5): 'SyncIneotid' is already declared",,0,0
04392,fail,"❌ FAILED: compile/elab errors | ",,0,0
04393,fail,"❌ FAILED: compile/elab errors | ",,0,0
04398,fail,"❌ FAILED: compile/elab errors | [ERROR (VERI-1116)] ./04398/sva.sv(5): 'SyncCheckeotid' is already declared",,0,0
04404,fail,"❌ FAILED: compile/elab errors | [ERROR (VERI-1116)] ./04404/sva.sv(3): 'SyncIneotid' is already declared",,0,0
04410,fail,"❌ FAILED: compile/elab errors | [ERROR (VERI-1116)] ./04410/sva.sv(5): 'SyncIneotid' is already declared",,0,0
04415,fail,"❌ FAILED: compile/elab errors | ",,0,0
04417,fail,"❌ FAILED: compile/elab errors | [ERROR (VERI-1116)] ./04417/sva.sv(7): 'ShiftOneeotid' is already declared",,0,0
04418,fail,"❌ FAILED: compile/elab errors | [ERROR (VERI-1116)] ./04418/sva.sv(7): 'ResetSynceotid' is already declared",,0,0
04428,fail,"❌ FAILED: compile/elab errors | [ERROR (VERI-1116)] ./04428/sva.sv(3): 'SyncCheckeotid' is already declared",,0,0
04441,fail,"❌ FAILED: compile/elab errors | [ERROR (VERI-1116)] ./04441/sva.sv(3): 'ResetSynceotid' is already declared",,0,0
04450,fail,"❌ FAILED: compile/elab errors | ",,0,0
04464,fail,"❌ FAILED: compile/elab errors | [ERROR (VERI-1116)] ./04464/sva.sv(3): 'AddOneeotid' is already declared",,0,0
04467,fail,"❌ FAILED: compile/elab errors | ",,0,0
04469,fail,"❌ FAILED: compile/elab errors | [ERROR (VERI-1116)] ./04469/sva.sv(3): 'ClockSynceotid' is already declared",,0,0
04488,fail,"❌ FAILED: compile/elab errors | [ERROR (VERI-1116)] ./04488/sva.sv(29): 'enneSynceotid' is already declared",,0,0
04503,fail,"❌ FAILED: compile/elab errors | [ERROR (VERI-1116)] ./04503/sva.sv(5): 'ValidDataeotid' is already declared",,0,0
04508,fail,"❌ FAILED: compile/elab errors | ",,0,0
04519,fail,"❌ FAILED: compile/elab errors | [ERROR (VERI-1116)] ./04519/sva.sv(3): 'ResetSynceotid' is already declared",,0,0
04522,fail,"❌ FAILED: compile/elab errors | [ERROR (VERI-1116)] ./04522/sva.sv(5): 'ResetSynceotid' is already declared",,0,0
04526,fail,"❌ FAILED: compile/elab errors | [ERROR (VERI-1116)] ./04526/sva.sv(3): 'ValidDataeotid' is already declared",,0,0
04532,fail,"❌ FAILED: compile/elab errors | [ERROR (VERI-1116)] ./04532/sva.sv(3): 'ClockSynceotid' is already declared",,0,0
04537,fail,"❌ FAILED: compile/elab errors | ",,0,0
04541,fail,"❌ FAILED: compile/elab errors | [ERROR (VERI-1116)] ./04541/sva.sv(3): 'ClockSynceotid' is already declared",,0,0
04543,fail,"❌ FAILED: compile/elab errors | [ERROR (VERI-1116)] ./04543/sva.sv(3): 'SyncIneotid' is already declared",,0,0
04552,fail,"❌ FAILED: compile/elab errors | ",,0,0
04562,fail,"❌ FAILED: compile/elab errors | [ERROR (VERI-1116)] ./04562/sva.sv(5): 'ValidSleotid' is already declared",,0,0
04586,fail,"❌ FAILED: compile/elab errors | [ERROR (VERI-1116)] ./04586/sva.sv(2): 'ResetSynceotid' is already declared",,0,0
04594,fail,"❌ FAILED: compile/elab errors | ",,0,0
04597,fail,"❌ FAILED: compile/elab errors | [ERROR (VERI-1116)] ./04597/sva.sv(5): 'ValidIneotid' is already declared",,0,0
04598,fail,"❌ FAILED: compile/elab errors | [ERROR (VERI-1116)] ./04598/sva.sv(3): 'AddOneeotid' is already declared",,0,0
04612,fail,"❌ FAILED: compile/elab errors | [ERROR (VERI-1116)] ./04612/sva.sv(5): 'SyncCheckeotid' is already declared",,0,0
04630,fail,"❌ FAILED: compile/elab errors | [ERROR (VERI-1116)] ./04630/sva.sv(3): 'ResetSynceotid' is already declared",,0,0
04646,fail,"❌ FAILED: compile/elab errors | ",,0,0
04647,fail,"❌ FAILED: compile/elab errors | ",,0,0
04662,fail,"❌ FAILED: compile/elab errors | [ERROR (VERI-1116)] ./04662/sva.sv(3): 'AdderSynceotid' is already declared",,0,0
04666,fail,"❌ FAILED: compile/elab errors | ",,0,0
04677,fail,"❌ FAILED: compile/elab errors | [ERROR (VERI-1116)] ./04677/sva.sv(5): 'SyncCheckeotid' is already declared",,0,0
04715,fail,"❌ FAILED: compile/elab errors | ",,0,0
04720,fail,"❌ FAILED: compile/elab errors | ",,0,0
04723,fail,"❌ FAILED: compile/elab errors | [ERROR (VERI-1116)] ./04723/sva.sv(9): 'ResetSynceotid' is already declared",,0,0
04729,fail,"❌ FAILED: compile/elab errors | [ERROR (VERI-1116)] ./04729/sva.sv(7): 'GraySynceotid' is already declared",,0,0
04742,fail,"❌ FAILED: compile/elab errors | [ERROR (VERI-1116)] ./04742/sva.sv(3): 'EnableSynceotid' is already declared",,0,0
04744,fail,"❌ FAILED: compile/elab errors | [ERROR (VERI-1116)] ./04744/sva.sv(5): 'ValidIneotid' is already declared",,0,0
04751,fail,"❌ FAILED: compile/elab errors | [ERROR (VERI-1116)] ./04751/sva.sv(3): 'BitwiseAndeotid' is already declared",,0,0
04756,fail,"❌ FAILED: compile/elab errors | [ERROR (VERI-1116)] ./04756/sva.sv(11): 'SyncCheckeotid' is already declared",,0,0
04771,fail,"❌ FAILED: compile/elab errors | [ERROR (VERI-1116)] ./04771/sva.sv(7): 'SyncSafeeotid' is already declared",,0,0
04780,fail,"❌ FAILED: compile/elab errors | ",,0,0
04781,fail,"❌ FAILED: compile/elab errors | ",,0,0
04785,fail,"❌ FAILED: compile/elab errors | ",,0,0
04788,fail,"❌ FAILED: compile/elab errors | [ERROR (VERI-1116)] ./04788/sva.sv(5): 'ClockSynceotid' is already declared",,0,0
04819,fail,"❌ FAILED: compile/elab errors | [ERROR (VERI-1116)] ./04819/sva.sv(5): 'ValidDataeotid' is already declared",,0,0
04820,fail,"❌ FAILED: compile/elab errors | [ERROR (VERI-1116)] ./04820/sva.sv(3): 'ResetSynceotid' is already declared",,0,0
04827,fail,"❌ FAILED: compile/elab errors | ",,0,0
04837,fail,"❌ FAILED: compile/elab errors | [ERROR (VERI-1116)] ./04837/sva.sv(3): 'ResetSynceotid' is already declared",,0,0
04870,fail,"❌ FAILED: compile/elab errors | [ERROR (VERI-1116)] ./04870/sva.sv(5): 'SyncCheckeotid' is already declared",,0,0
04874,fail,"❌ FAILED: compile/elab errors | [ERROR (VERI-1116)] ./04874/sva.sv(3): 'ValidOnRiseeotid' is already declared",,0,0
04881,fail,"❌ FAILED: compile/elab errors | [ERROR (VERI-1116)] ./04881/sva.sv(3): 'ClockSynceotid' is already declared",,0,0
04885,fail,"❌ FAILED: compile/elab errors | [ERROR (VERI-1116)] ./04885/sva.sv(5): 'SyncSafeeotid' is already declared",,0,0
04887,fail,"❌ FAILED: compile/elab errors | [ERROR (VERI-1116)] ./04887/sva.sv(9): 'ValidDivideeotid' is already declared",,0,0
04906,fail,"❌ FAILED: compile/elab errors | [ERROR (VERI-1116)] ./04906/sva.sv(3): 'ResetSynceotid' is already declared",,0,0
04931,fail,"❌ FAILED: compile/elab errors | [ERROR (VERI-1116)] ./04931/sva.sv(7): 'ValidDataeotid' is already declared",,0,0
04945,fail,"❌ FAILED: compile/elab errors | [ERROR (VERI-1116)] ./04945/sva.sv(3): 'ClockSynceotid' is already declared",,0,0
04954,fail,"❌ FAILED: compile/elab errors | [ERROR (VERI-1116)] ./04954/sva.sv(7): 'SyncAddereotid' is already declared",,0,0
04966,fail,"❌ FAILED: compile/elab errors | [ERROR (VERI-1116)] ./04966/sva.sv(5): 'ValidDataeotid' is already declared",,0,0
04969,fail,"❌ FAILED: compile/elab errors | [ERROR (VERI-1116)] ./04969/sva.sv(3): 'ResetSynceotid' is already declared",,0,0
04988,fail,"❌ FAILED: compile/elab errors | ",,0,0
04990,fail,"❌ FAILED: compile/elab errors | [ERROR (VERI-1116)] ./04990/sva.sv(5): 'AdderSynceotid' is already declared",,0,0
05007,fail,"❌ FAILED: compile/elab errors | [ERROR (VERI-1116)] ./05007/sva.sv(3): 'SyncOneotid' is already declared",,0,0
05010,fail,"❌ FAILED: compile/elab errors | ",,0,0
05042,fail,"❌ FAILED: compile/elab errors | [ERROR (VERI-1116)] ./05042/sva.sv(7): 'MinValideotid' is already declared",,0,0
05066,fail,"❌ FAILED: compile/elab errors | [ERROR (VERI-1116)] ./05066/sva.sv(7): 'ValidAccesseotid' is already declared",,0,0
05072,fail,"❌ FAILED: compile/elab errors | [ERROR (VERI-1116)] ./05072/sva.sv(7): 'ValidWriteeotid' is already declared",,0,0
05073,fail,"❌ FAILED: compile/elab errors | [ERROR (VERI-1116)] ./05073/sva.sv(11): 'ALUeotid' is already declared",,0,0
05084,fail,"❌ FAILED: compile/elab errors | [ERROR (VERI-1116)] ./05084/sva.sv(3): 'AdderSynceotid' is already declared",,0,0
05088,fail,"❌ FAILED: compile/elab errors | [ERROR (VERI-1116)] ./05088/sva.sv(5): 'ValidAddereotid' is already declared",,0,0
05104,fail,"❌ FAILED: compile/elab errors | ",,0,0
05122,fail,"❌ FAILED: compile/elab errors | ",,0,0
05140,fail,"❌ FAILED: compile/elab errors | [ERROR (VERI-1116)] ./05140/sva.sv(3): 'AddOneeotid' is already declared",,0,0
05149,fail,"❌ FAILED: compile/elab errors | [ERROR (VERI-1116)] ./05149/sva.sv(3): 'ClockSynceotid' is already declared",,0,0
05159,fail,"❌ FAILED: compile/elab errors | [ERROR (VERI-1116)] ./05159/sva.sv(5): 'ValidDataeotid' is already declared",,0,0
05169,fail,"❌ FAILED: compile/elab errors | [ERROR (VERI-1116)] ./05169/sva.sv(7): 'SyncCtrleotid' is already declared",,0,0
05185,fail,"❌ FAILED: compile/elab errors | [ERROR (VERI-1116)] ./05185/sva.sv(5): 'SyncCheckeotid' is already declared",,0,0
05195,fail,"❌ FAILED: compile/elab errors | [ERROR (VERI-1116)] ./05195/sva.sv(7): 'TwoComplementeotid' is already declared",,0,0
05196,fail,"❌ FAILED: compile/elab errors | [ERROR (VERI-1116)] ./05196/sva.sv(5): 'ValidDataeotid' is already declared",,0,0
05201,fail,"❌ FAILED: compile/elab errors | ",,0,0
05207,fail,"❌ FAILED: compile/elab errors | [ERROR (VERI-1116)] ./05207/sva.sv(3): 'ResetSynceotid' is already declared",,0,0
05219,fail,"❌ FAILED: compile/elab errors | [ERROR (VERI-1116)] ./05219/sva.sv(3): 'ClockSynceotid' is already declared",,0,0
05234,fail,"❌ FAILED: compile/elab errors | [ERROR (VERI-1116)] ./05234/sva.sv(3): 'SyncIneotid' is already declared",,0,0
05238,fail,"❌ FAILED: compile/elab errors | [ERROR (VERI-1116)] ./05238/sva.sv(5): 'SyncCheckeotid' is already declared",,0,0
05242,fail,"❌ FAILED: compile/elab errors | ",,0,0
05250,fail,"❌ FAILED: compile/elab errors | [ERROR (VERI-1116)] ./05250/sva.sv(3): 'ClockSynceotid' is already declared",,0,0
05255,fail,"❌ FAILED: compile/elab errors | ",,0,0
05266,fail,"❌ FAILED: compile/elab errors | ",,0,0
05287,fail,"❌ FAILED: compile/elab errors | [ERROR (VERI-1116)] ./05287/sva.sv(3): 'ResetSynceotid' is already declared",,0,0
05293,fail,"❌ FAILED: compile/elab errors | ",,0,0
05308,fail,"❌ FAILED: compile/elab errors | [ERROR (VERI-1116)] ./05308/sva.sv(3): 'AddOneeotid' is already declared",,0,0
05323,fail,"❌ FAILED: compile/elab errors | [ERROR (VERI-1116)] ./05323/sva.sv(5): 'ResetSynceotid' is already declared",,0,0
05342,fail,"❌ FAILED: compile/elab errors | [ERROR (VERI-1116)] ./05342/sva.sv(5): 'MaxSynceotid' is already declared",,0,0
05353,fail,"❌ FAILED: compile/elab errors | [ERROR (VERI-1116)] ./05353/sva.sv(5): 'SyncRegeotid' is already declared",,0,0
05357,fail,"❌ FAILED: compile/elab errors | [ERROR (VERI-1116)] ./05357/sva.sv(3): 'ANDeotid' is already declared",,0,0
05361,fail,"❌ FAILED: compile/elab errors | [ERROR (VERI-1116)] ./05361/sva.sv(9): 'SyncSafeeotid' is already declared",,0,0
05369,fail,"❌ FAILED: compile/elab errors | [ERROR (VERI-1116)] ./05369/sva.sv(3): 'DataSynceotid' is already declared",,0,0
05385,fail,"❌ FAILED: compile/elab errors | ",,0,0
05398,fail,"❌ FAILED: compile/elab errors | [ERROR (VERI-1116)] ./05398/sva.sv(3): 'AdderSynceotid' is already declared",,0,0
05404,fail,"❌ FAILED: compile/elab errors | [ERROR (VERI-1116)] ./05404/sva.sv(5): 'SyncCheckeotid' is already declared",,0,0
05417,fail,"❌ FAILED: compile/elab errors | ",,0,0
05422,fail,"❌ FAILED: compile/elab errors | [ERROR (VERI-1116)] ./05422/sva.sv(9): 'SafeDivideeotid' is already declared",,0,0
05460,fail,"❌ FAILED: compile/elab errors | ",,0,0
05475,fail,"❌ FAILED: compile/elab errors | [ERROR (VERI-1116)] ./05475/sva.sv(5): 'ShiftRighteotid' is already declared",,0,0
05480,fail,"❌ FAILED: compile/elab errors | [ERROR (VERI-1116)] ./05480/sva.sv(3): 'AdderSynceotid' is already declared",,0,0
05485,fail,"❌ FAILED: compile/elab errors | ",,0,0
05490,fail,"❌ FAILED: compile/elab errors | [ERROR (VERI-1116)] ./05490/sva.sv(3): 'AddOneeotid' is already declared",,0,0
05502,fail,"❌ FAILED: compile/elab errors | ",,0,0
05518,fail,"❌ FAILED: compile/elab errors | [ERROR (VERI-1116)] ./05518/sva.sv(3): 'ResetSynceotid' is already declared",,0,0
05536,fail,"❌ FAILED: compile/elab errors | ",,0,0
05543,fail,"❌ FAILED: compile/elab errors | [ERROR (VERI-1116)] ./05543/sva.sv(3): 'ClockSynceotid' is already declared",,0,0
05556,fail,"❌ FAILED: compile/elab errors | [ERROR (VERI-1116)] ./05556/sva.sv(7): 'SyncChangeeotid' is already declared",,0,0
05568,fail,"❌ FAILED: compile/elab errors | ",,0,0
05571,fail,"❌ FAILED: compile/elab errors | [ERROR (VERI-1116)] ./05571/sva.sv(3): 'ResetSynceotid' is already declared",,0,0
05572,fail,"❌ FAILED: compile/elab errors | [ERROR (VERI-1116)] ./05572/sva.sv(3): 'ResetSynceotid' is already declared",,0,0
05574,fail,"❌ FAILED: compile/elab errors | [ERROR (VERI-1116)] ./05574/sva.sv(5): 'SyncSafeeotid' is already declared",,0,0
05584,fail,"❌ FAILED: compile/elab errors | [ERROR (VERI-1116)] ./05584/sva.sv(5): 'ClockSynceotid' is already declared",,0,0
05591,fail,"❌ FAILED: compile/elab errors | [ERROR (VERI-1116)] ./05591/sva.sv(5): 'ShiftIneotid' is already declared",,0,0
05593,fail,"❌ FAILED: compile/elab errors | ",,0,0
05599,fail,"❌ FAILED: compile/elab errors | [ERROR (VERI-1116)] ./05599/sva.sv(7): 'ValidDataeotid' is already declared",,0,0
05608,fail,"❌ FAILED: compile/elab errors | [ERROR (VERI-1137)] ./05608/sva.sv(21): syntax error near '@'",,0,0
05609,fail,"❌ FAILED: compile/elab errors | [ERROR (VERI-1116)] ./05609/sva.sv(3): 'ValidIneotid' is already declared",,0,0
05621,fail,"❌ FAILED: compile/elab errors | [ERROR (VERI-1116)] ./05621/sva.sv(5): 'ClockSynceotid' is already declared",,0,0
05627,fail,"❌ FAILED: compile/elab errors | [ERROR (VERI-1116)] ./05627/sva.sv(5): 'ResetSynceotid' is already declared",,0,0
05637,fail,"❌ FAILED: compile/elab errors | [ERROR (VERI-1116)] ./05637/sva.sv(3): 'SyncIneotid' is already declared",,0,0
05640,fail,"❌ FAILED: compile/elab errors | ",,0,0
05686,fail,"❌ FAILED: compile/elab errors | [ERROR (VERI-1116)] ./05686/sva.sv(5): 'SyncCheckeotid' is already declared",,0,0
05693,fail,"❌ FAILED: compile/elab errors | ",,0,0
05719,fail,"❌ FAILED: compile/elab errors | [ERROR (VERI-1116)] ./05719/sva.sv(3): 'ValidOnRiseeotid' is already declared",,0,0
05720,fail,"❌ FAILED: compile/elab errors | ",,0,0
05723,fail,"❌ FAILED: compile/elab errors | [ERROR (VERI-1116)] ./05723/sva.sv(7): 'SyncCheckeotid' is already declared",,0,0
05726,fail,"❌ FAILED: compile/elab errors | ",,0,0
05736,fail,"❌ FAILED: compile/elab errors | [ERROR (VERI-1116)] ./05736/sva.sv(3): 'SyncEqeotid' is already declared",,0,0
05745,fail,"❌ FAILED: compile/elab errors | [ERROR (VERI-1116)] ./05745/sva.sv(3): 'ClockSynceotid' is already declared",,0,0
05750,fail,"❌ FAILED: compile/elab errors | ",,0,0
05761,fail,"❌ FAILED: compile/elab errors | [ERROR (VERI-1116)] ./05761/sva.sv(3): 'SyncEqeotid' is already declared",,0,0
05767,fail,"❌ FAILED: compile/elab errors | [ERROR (VERI-1116)] ./05767/sva.sv(9): 'SyncCheckeotid' is already declared",,0,0
