id,status
00003,ok
00004,ok
00013,ok
00017,ok
00026,ok
00029,ok
00045,ok
00053,ok
00058,ok
00064,ok
00076,ok
00079,ok
00094,ok
00120,ok
00159,ok
00172,ok
00193,ok
00200,ok
00203,ok
00204,ok
00217,ok
00226,ok
00244,fail
00257,ok
00260,fail
00262,ok
00295,ok
00313,ok
00317,ok
00325,ok
00326,ok
00342,ok
00355,ok
00361,ok
00363,ok
00375,ok
00378,fail
00385,ok
00410,ok
00411,ok
00414,ok
00416,ok
00443,ok
00458,ok
00465,ok
00468,ok
00474,ok
00479,ok
00480,ok
00482,ok
00496,fail
00499,ok
00520,ok
00524,ok
00542,ok
00552,fail
00556,ok
00561,ok
00563,ok
00566,ok
00568,ok
00569,ok
00573,ok
00580,fail
00581,ok
00584,ok
00594,ok
00596,ok
00600,ok
00616,ok
00617,ok
00645,ok
00653,ok
00656,ok
00671,ok
00694,ok
00701,ok
00712,ok
00744,ok
00756,ok
00759,ok
00764,ok
00765,ok
00767,ok
00772,ok
00792,ok
00794,ok
00802,ok
00806,ok
00819,ok
00827,ok
00837,ok
00839,ok
00842,ok
00848,ok
00871,ok
00873,ok
00876,ok
00885,ok
00888,ok
00895,ok
00898,ok
00912,ok
00913,ok
00916,ok
00938,fail
00944,ok
00945,ok
00947,ok
00982,ok
00991,ok
01020,ok
01022,ok
01030,ok
01042,ok
01044,ok
01051,ok
01071,ok
01072,fail
01083,ok
01085,ok
01100,ok
01133,ok
01143,ok
01148,ok
01170,ok
01207,ok
01208,ok
01213,fail
01221,ok
01252,ok
01266,ok
01268,ok
01273,ok
01289,ok
01292,ok
01295,ok
01304,ok
01307,ok
01310,ok
01323,ok
01331,ok
01332,ok
01338,ok
01348,ok
01352,ok
01362,ok
01390,ok
01401,ok
01425,ok
01440,ok
01450,ok
01462,ok
01463,ok
01469,ok
01503,ok
01522,ok
01555,ok
01557,ok
01558,ok
01559,ok
01569,ok
01571,ok
01575,ok
01582,ok
01592,ok
01614,ok
01628,ok
01629,fail
01631,ok
01634,fail
01647,ok
01667,ok
01673,fail
01716,ok
01720,ok
01721,ok
01725,ok
01728,ok
01735,ok
01741,ok
01746,ok
01750,ok
01751,ok
01755,fail
01763,ok
01783,ok
01791,ok
01792,ok
01796,ok
01799,ok
01804,ok
01805,ok
01822,ok
01826,ok
01828,ok
01840,ok
01864,ok
01866,ok
01875,ok
01876,ok
01885,ok
01905,ok
01907,ok
01924,ok
01926,ok
01936,ok
01939,ok
01949,ok
01955,ok
01961,fail
01973,ok
01990,fail
01998,ok
02001,ok
02005,ok
02006,ok
02016,ok
02020,ok
02030,ok
02032,ok
02036,ok
02044,ok
02046,ok
02057,ok
02059,ok
02086,ok
02136,ok
02139,ok
02145,ok
02152,ok
02157,ok
02162,ok
02166,ok
02169,ok
02171,ok
02172,ok
02174,ok
02175,ok
02185,ok
02187,ok
02193,ok
02211,ok
02231,ok
02253,ok
02266,ok
02276,ok
02277,ok
02278,ok
02281,ok
02282,ok
02286,ok
02308,ok
02324,ok
02334,ok
02336,ok
02350,ok
02370,ok
02401,fail
02404,ok
02422,ok
02430,ok
02444,ok
02452,fail
02457,ok
02460,ok
02465,ok
02478,ok
02489,ok
02500,ok
02519,ok
02525,ok
02533,ok
02542,ok
02553,ok
02569,ok
02571,ok
02573,fail
02577,ok
02584,fail
02590,ok
02591,ok
02639,ok
02655,ok
02656,ok
02672,ok
02689,ok
02704,ok
02706,fail
02712,ok
02721,ok
02732,ok
02745,ok
02757,ok
02769,ok
02779,ok
02786,ok
02787,fail
02808,ok
02817,ok
02831,fail
02859,ok
02864,ok
02876,ok
02897,ok
02902,ok
02910,fail
02931,ok
02940,ok
02962,ok
02965,ok
02973,ok
02983,fail
02987,fail
02988,ok
03024,ok
03027,ok
03032,ok
03059,ok
03063,ok
03100,ok
03104,ok
03105,ok
03108,ok
03112,fail
03113,ok
03126,ok
03133,ok
03145,ok
03152,ok
03155,fail
03198,ok
03241,ok
03242,ok
03264,ok
03268,ok
03271,ok
03273,ok
03274,ok
03285,ok
03286,ok
03296,ok
03298,ok
03307,ok
03326,ok
03329,ok
03334,ok
03345,ok
03367,ok
03372,ok
03377,ok
03395,ok
03434,ok
03436,ok
03444,ok
03456,ok
03458,ok
03462,ok
03465,ok
03466,fail
03469,ok
03482,ok
03503,ok
03509,ok
03520,ok
03521,ok
03531,ok
03533,ok
03559,ok
03561,ok
03572,ok
03574,ok
03588,ok
03589,fail
03619,ok
03622,fail
03630,ok
03675,ok
03679,ok
03698,ok
03714,ok
03716,ok
03727,ok
03730,ok
03745,ok
03754,ok
03758,ok
03763,ok
03770,fail
03786,ok
03789,ok
03805,ok
03809,ok
03825,ok
03834,ok
03855,ok
03872,ok
03874,ok
03876,ok
03892,ok
03893,fail
03905,ok
03943,ok
03976,ok
03978,ok
03981,ok
03986,ok
04002,ok
04042,ok
04049,ok
04089,fail
04100,ok
04119,ok
04139,ok
04140,ok
04144,ok
04154,ok
04158,ok
04160,ok
04173,ok
04174,ok
04187,ok
04189,fail
04211,ok
04222,ok
04239,ok
04243,ok
04259,fail
04282,ok
04322,ok
04333,ok
04334,ok
04344,ok
04350,ok
04363,ok
04375,ok
04392,ok
04393,ok
04398,ok
04404,ok
04410,ok
04415,fail
04417,ok
04418,ok
04428,ok
04441,fail
04450,ok
04464,ok
04467,ok
04469,ok
04488,ok
04503,ok
04508,ok
04519,ok
04522,ok
04526,ok
04532,ok
04537,ok
04541,ok
04543,ok
04552,ok
04562,ok
04586,ok
04594,ok
04597,ok
04598,fail
04612,ok
04630,ok
04646,ok
04647,ok
04662,fail
04666,ok
04677,ok
04715,ok
04720,ok
04723,ok
04729,ok
04742,ok
04744,ok
04751,ok
04756,ok
04771,ok
04780,ok
04781,ok
04785,ok
04788,ok
04819,ok
04820,ok
04827,ok
04837,ok
04870,ok
04874,ok
04881,ok
04885,ok
04887,ok
04906,ok
04931,ok
04945,ok
04954,fail
04966,ok
04969,ok
04988,ok
04990,fail
05007,ok
05010,ok
05042,ok
05066,ok
05072,ok
05073,ok
05084,ok
05088,ok
05104,ok
05122,ok
05140,ok
05149,ok
05159,fail
05169,ok
05185,ok
05195,ok
05196,ok
05201,ok
05207,ok
05219,ok
05234,ok
05238,ok
05242,ok
05250,ok
05255,ok
05266,ok
05287,ok
05293,ok
05308,ok
05323,ok
05342,ok
05353,ok
05357,fail
05361,ok
05369,ok
05385,fail
05398,fail
05404,ok
05417,ok
05422,ok
05460,ok
05475,ok
05480,ok
05485,ok
05490,ok
05502,ok
05518,ok
05536,ok
05543,ok
05556,ok
05568,ok
05571,ok
05572,ok
05574,ok
05584,ok
05591,fail
05593,ok
05599,ok
05608,ok
05609,ok
05621,ok
05627,ok
05637,ok
05640,fail
05686,ok
05693,ok
05719,ok
05720,ok
05723,ok
05726,ok
05736,ok
05745,ok
05750,ok
05761,ok
05767,ok
